"","filename","ID","date","site","species","sppcode","Vcmax","Jmax","Rd","Vcmax.se","Jmax.se","Rd.se"
"1","190626_s5_Ropse_.xlsx","ropse-E5-1","6/26/19","E5","Robinia pseudo-acacia","ropse",48.833304211714,98.3675812506851,0.725268587180232,26.3547850111887,43.8385481169811,0.620530444720851
"2","190626-s5_parthen_.xlsx","paspp-E5-1","6/26/19","E5","Parthenocissus sp.","paspp",55.19300329688,75.8116785169439,0.672197706075234,21.9419072528757,28.1095466976914,0.599515334888688
"3","190626-s5_rhcat_.xlsx","rhcat-E5-2","6/26/19","E5","Rhamnus cathartica","rhcat",56.6426845561357,102.009650821525,0.638659036197444,17.34396549697,34.2237903014656,0.573769148134
"4","190626-s5-acne_.xlsx","acneg-E5-1","6/26/19","E5","Acer negundo","acneg",67.7231891988796,113.124862277132,0.62023513317333,15.8774932671615,29.861471124379,0.565780053297071
"5","190627_s7_acneg_.xlsx","acneg-E7-1","6/27/19","E7","Acer negundo","acneg",61.635811984539,106.483722738319,0.641058747416161,17.8552629076518,33.580252609631,0.587468934935424
"6","190627_s7_bethu_.xlsx","bethu-E7-1","6/27/19","E7","Berberis thunbergii","bethu",-17.6353068966542,-18.9870283908095,0.231414553878404,23.4743681606829,19.5541983864043,0.288371202145737
"7","190627_s7_parthen_.xlsx","paspp-E7-1","6/27/19","E7","Parthenocissus sp.","paspp",59.1889453934092,83.2470840892819,0.640020458698189,20.9418012261279,25.4521494172934,0.582749494727392
"8","190627_s7_Prser_.xlsx","prser-E7-1","6/27/19","E7","Prunus serotina","prser",71.9266207371435,96.4497957328037,0.599197595780144,20.2817948958599,27.7169433634494,0.567269100876628
"9","190701_s1_prser_1.xlsx","prser-E1-1","7/1/19","E1","Prunus serotina","prser",79.1302751311128,100.396734632604,0.555967745436752,20.5016612964888,28.874905755168,0.520190052481715
"10","190701_s1_pruavi_.xlsx","pravi-E1-1","7/1/19","E1","Prunus avium","pravi",55.1297863496686,97.0539209850148,0.698078753600607,20.8290856438973,34.9825480411606,0.601271026053166
"11","190701_s1_romul_.xlsx","romul-E1-1","7/1/19","E1","Rosa multiflora","romul",66.0510850016734,83.1866798108004,0.655210766439256,23.7035524291255,25.3909450148994,0.596115439567559
"12","190702_s1_ropse_.xlsx","ropse-E1-1","7/2/19","E1","Robinia pseudo-acacia","ropse",69.8674082646345,112.826920968918,0.690861005139067,21.2597607686314,30.1264169182167,0.587036694446502
"13","190703_s4_bethu_.xlsx","bethu-E4-1","7/3/19","E4","Berberis thunbergii","bethu",41.4709075007388,57.3705350658432,0.668261762496693,23.2736146559033,30.0230817042219,0.591808602766674
"14","190703_s4_liben_.xlsx","liben-E4-1","7/3/19","E4","Lindera benzoin","liben",71.8867343101731,68.682282624075,0.744708890808402,40.7635644355936,45.8071066640913,0.64069022583476
"15","190703_s4_parthen_.xlsx","paspp-E4-1","7/3/19","E4","Parthenocissus sp.","paspp",44.9371010681323,60.0807849257746,0.714630148531615,26.4172661725435,33.6130243878403,0.622819055347432
"16","190703_s4_viace_.xlsx","viace-E4-1","7/3/19","E4","Viburnum acerifolium","viace",51.6035324694335,59.4125855365929,0.702787227919775,36.1285317486601,47.5223214393704,0.614596660917414
"17","190704_grn_fallopia_.xlsx","fajap-E43-1","7/4/19","E43","Fallopia japonica","fajap",91.081060682635,185.691247754545,0.722709433657298,4.87324932504933,6.74643326536237,0.551892714142348
"18","190704_man_fallopia_.xlsx","fajap-E3-1","7/4/19","E3","Fallopia japonica","fajap",78.154580497923,169.288943080472,0.691345653583264,4.31710693444335,8.34579691107891,0.547387643387222
"19","190704_sx_fallopia_.xlsx","fajap-E44-1","7/4/19","E44","Fallopia japonica","fajap",93.1808856600985,148.351900528792,0.808034844569299,7.61815795816709,5.96090389025735,0.597675521678648
"20","190708_s3_liben_.xlsx","liben-E3-1","7/8/19","E3","Lindera benzoin","liben",131.180774448826,142.237995986088,0.335249209773834,22.0995003161428,27.4354394750133,0.372792544067939
"21","190709_s10_ceorb_.xlsx","ceorb-E10-1","7/9/19","E10","Celastrus orbiculatus","ceorb",52.7296768474518,80.0144830015869,0.658606339822537,21.0975281556632,27.7434498134957,0.591073630797158
"22","190709_s10_liben_.xlsx","liben-E10-1","7/9/19","E10","Lindera benzoin","liben",78.8412656396814,87.885242989319,0.67725929131294,35.5822971983868,37.1190423938535,0.610495996838593
"23","190709_s10_lomor_.xlsx","lomor-E10-1","7/9/19","E10","Lonicera morrowii","lomor",57.5392318012024,84.9850033247583,0.708050982677903,26.6319058325806,35.414976461181,0.626988841466188
"24","190710_s5_lomor_.xlsx","lomor-E5-1","7/10/19","E5","Lonicera morrowii","lomor",69.7492062031657,100.574047290472,0.675858200208746,21.9917357819942,29.8462090194193,0.585488342053451
"25","190710_s5_prser_.xlsx","prser-E5-1","7/10/19","E5","Prunus serotina","prser",52.0333065790175,65.9293623474595,0.741868435916026,28.3963683653102,34.9129129745877,0.626988945242215
"26","190710_s5_rhcat_.xlsx","rhcat-E5-1","7/10/19","E5","Rhamnus cathartica","rhcat",26.1898701404448,83.3641658891275,0.720295733232286,25.3152547635851,49.933144498876,0.624547762135665
"27","190715__s11_acneg_.xlsx","acneg-E11-1","7/15/19","E11","Acer negundo","acneg",107.510698941204,143.209951247872,0.452278310215383,14.5680759978586,23.9026454910967,0.465028662080134
"28","190715__s11_prser_.xlsx","prser-E11-1","7/15/19","E11","Prunus serotina","prser",61.8790537064766,84.5271110519716,0.663256057330355,23.7739003279782,32.9480293548222,0.600729994827346
"29","190715__s11_romul_.xlsx","romul-E11-1","7/15/19","E11","Rosa multiflora","romul",93.4743233530486,122.446556580947,0.51072212843379,17.0268465250635,20.3894289290031,0.503346880006428
"30","190715_s11_viace_.xlsx","viace-E11-1","7/15/19","E11","Viburnum acerifolium","viace",48.6127791563743,55.4293191436928,0.699617087344949,38.0039135231219,51.1911617612526,0.602774958662557
"31","190716_s3_locan_.xlsx","locan-E3-1","7/16/19","E3","Lonicera canadensis","locan",44.1232293071982,65.9543176618683,0.709975111706674,35.050584346073,53.6977371560176,0.619347921240876
"32","190716_s3_prser_.xlsx","prser-E3-1","7/16/19","E3","Prunus serotina","prser",64.7742657690104,88.0817647182317,0.657401171212676,22.0923615425717,29.6268321357538,0.59159063744757
"33","190718_s2_lomor_1.xlsx","lomor-E11-1","7/18/19","E11","Lonicera morrowii","lomor",54.5461501001573,80.9378524520807,0.728164358199813,28.0787374059009,38.7956936217455,0.624018744259079
"34","190723_c1_bethu_.xlsx","bethu-E1-1","7/23/19","E1","Berberis thunbergii","bethu",46.9558459213813,65.9126424985988,0.645332734961449,22.0788105109482,26.1021816208964,0.589147045078138
"35","190723_c1_euala_.xlsx","euala-E1-1","7/23/19","E1","Euonymus alatus","euala",37.2706102609595,66.4719272384625,0.72389484384753,24.60137428833,38.8011085706798,0.628806497650621
"36","190723_c1_romul_.xlsx","romul-E1-2","7/23/19","E1","Rosa multiflora","romul",58.9586929504194,69.1596923167044,0.695825808676421,28.3629205670171,28.0239492598178,0.597285711024749
"37","190724_c2_bethu_.xlsx","bethu-E2-1","7/24/19","E2","Berberis thunbergii","bethu",38.815378594293,49.9883549271818,0.700943277507471,25.064594717124,30.744797157983,0.593072837211615
"38","190724_c2_ceorb_.xlsx","ceorb-E2-1","7/24/19","E2","Celastrus orbiculatus","ceorb",48.5089403204156,73.7117723037877,0.6785353799118,22.2916198633929,32.0334022511355,0.609004021622621
"39","190724_c2_euala_.xlsx","euala-E2-1","7/24/19","E2","Euonymus alatus","euala",42.763978975172,68.0458174922144,0.699801604645244,23.4431651150149,33.8839596906118,0.623041696929502
"40","190724_c2_liben_.xlsx","liben-E2-1","7/24/19","E2","Lindera benzoin","liben",73.3348197322837,70.5561269293341,0.744592216223103,40.1480750059451,42.8455602634047,0.622347731401437
"41","190725_c3_ceorb_.xlsx","ceorb-E3-1","7/25/19","E3","Celastrus orbiculatus","ceorb",44.8543229232191,69.4202729831237,0.702564833967844,23.3596379698512,33.3903347710626,0.615706549330502
"42","190725_c3_euala_.xlsx","euala-E3-1","7/25/19","E3","Euonymus alatus","euala",50.566254060067,76.6135103493164,0.665975992731239,21.0656072915156,30.1868770236925,0.598772360014514
"43","190725_c3_liben_.xlsx","liben-E3-2","7/25/19","E3","Lindera benzoin","liben",73.8984150434598,73.9620070722011,0.737708549349844,39.0204446751878,43.2592972808836,0.624240520660502
"44","190725_c3_viace_.xlsx","viace-E3-2","7/25/19","E3","Viburnum acerifolium","viace",50.482149024512,58.5253731928885,0.683099844574999,36.687614359447,48.5715979373584,0.602551222542415
"45","190726_c4_ceorb_1.xlsx","ceorb-E4-1","7/26/19","E4","Celastrus orbiculatus","ceorb",46.8285604393797,71.9229385951661,0.688017368945351,22.5588635209429,31.8969513769486,0.61329726731842
"46","190726_c4_rhcat_.xlsx","rhcat-E4-1","7/26/19","E4","Rhamnus cathartica","rhcat",49.5094240065856,95.4459265987698,0.671726542293667,18.997037430486,36.3881672418079,0.589201753026679
"47","190726_c4_ropse_.xlsx","ropse-E4-1","7/26/19","E4","Robinia pseudo-acacia","ropse",54.1364854259328,100.2598209623,0.708788539660398,24.2798367179636,40.9086474369253,0.624048653018978
"48","190726_c4_viace_.xlsx","viace-E4-2","7/26/19","E4","Viburnum acerifolium","viace",50.7717717253753,59.8794258762616,0.702018615394648,36.1856230034024,48.5490573323211,0.605814468855877
"49","190729_f5_lab_.xlsx","fajap-E5-1","7/29/19","E5","Fallopia japonica","fajap",92.4761656720942,149.099961081227,1.03949710754985,7.18094886418525,6.99528516423136,0.64893263987066
"50","190730_s2_locan_.xlsx","locan-E2-2","7/30/19","E2","Lonicera canadensis","locan",45.9916189925498,67.2608071793798,0.716882082155643,33.7277691955438,51.6733544919243,0.618241022241435
"51","190730_s8_euala_.xlsx","euala-E8-1","7/30/19","E8","Euonymus alatus","euala",56.8685606667789,85.8424827153923,0.643560989828275,18.6467299375256,28.782845890949,0.570977328422632
"52","190730_s8_rhcat_.xlsx","rhcat-E8-1","7/30/19","E8","Rhamnus cathartica","rhcat",43.3476249393095,92.8893505639101,0.694025250222482,18.9538862268506,39.8622545539035,0.600861991336428
"53","190802_F8_Nedrow_.csv","fajap-E8-1","8/2/19","E8","Fallopia japonica","fajap",60.9361648589049,116.623225695636,0.814303141937039,5.27541780135928,8.53557405743134,0.604591971680903
"54","190802_f9_cards_.csv","fajap-E9-1","8/2/19","E9","Fallopia japonica","fajap",67.7298140397207,105.188561048928,1.00666582692398,22.3700643215767,6.85774980372431,0.699779632989738
"55","190806_s12_locan_1.xlsx","locan-E12-1","8/6/19","E12","Lonicera canadensis","locan",45.9488590367511,69.5299013515859,0.706232216949146,33.9269108772651,52.1637309166964,0.620129295555301
"56","190806_s12_locan_2.xlsx","locan-E12-2","8/6/19","E12","Lonicera canadensis","locan",49.1686018798999,73.9509094005141,0.673647600184444,31.3449018988249,51.0181412929799,0.617095966226285
"57","190819_f11_cem_.csv","fajap-E11-1","8/19/19","E11","Fallopia japonica","fajap",83.2996849587969,151.810802661253,0.784574200640069,5.73194894120887,6.34413353945939,0.59015736767881
"58","200604_s14_levul (200607)","levul-E14-1","6/4/20","E14","Leucanthemum vulgaris","levul",24.5744429913667,155.235150012849,0.839974684605125,2.38066395665059,39.6298398801917,0.572483381149457
"59","200610_s17_pllan","pllan-E17-1","6/10/20","E17","Plantago lanceolata","pllan",65.7697161654363,140.175408621564,1.13901384470534,3.90924979345336,7.95676695857928,0.659619238602136
"60","200618_acneg_.xlsx","acneg-E17-1","6/18/20","E17","Acer negundo","acneg",55.7462463723112,119.470690487587,0.965159723546482,7.81617180476113,29.4339324514166,0.625279394201672
"61","200618_arvul_.xlsx","arvul-E17-1","6/18/20","E17","Artemisia vulgaris","arvul",96.8237855121401,156.360909232884,0.798527847596351,6.30340838646714,29.2972625484945,0.557814411782286
"62","200618_ropse_.xlsx","ropse-E17-1","6/18/20","E17","Robinia pseudo-acacia","ropse",97.2755360960042,92.8060022601558,0.768541319882347,11.587409623654,6.21618313573205,0.57322705059344
"63","200619_arvul_.xlsx","arvul-E15-1","6/19/20","E15","Artemisia vulgaris","arvul",128.558000849887,163.783873440278,0.659350588395549,8.8059888648699,20.1735404512088,0.542581429156351
"64","200619_daglo_.xlsx","daglo-E15-1","6/19/20","E15","Dactylis glomerata","daglo",76.136934358903,144.30809656746,0.619970442606598,4.82675823005816,22.3915413149722,0.509370503308409
"65","200622_s15_pllan","pllan-E15-1","6/22/20","E15","Plantago lanceolata","pllan",54.7514428422119,104.810988726838,0.81678248091614,7.22953046107158,5.76888367638757,0.605650785805989
"66","200622_s15_ropse","ropse-E15-1","6/22/20","E15","Robinia pseudo-acacia","ropse",83.0567969633461,86.6985000999019,0.672455776945971,18.4343124291689,5.80481973794844,0.531258429754536
"67","200623_acneg_.xlsx","acneg-E4-1","6/23/20","E4","Acer negundo","acneg",35.6452660348264,110.796924738408,0.873927183020241,6.83522949936151,33.4279206215525,0.596542024915523
"68","200623_s4_eranu","erann-E4-1","6/23/20","E4","Erigeron annuus","erann",48.3827147803712,110.28121206838,0.894338904424856,4.20394947765231,22.7414309199824,0.612152464153598
"69","200623_s4_levul","levul-E4-1","6/23/20","E4","Leucanthemum vulgaris","levul",85.353266270539,190.80532599036,0.863785766772629,3.72407600557195,17.9327589303154,0.599615325052927
"70","200702_acneg_.xlsx","acneg-E5-2","7/2/20","E5","Acer negundo","acneg",62.667848002552,107.736442413172,0.649378950169258,17.0775596702106,31.2755506192648,0.588760210632795
"71","200702_eranu_.xlsx","erann-E5-1","7/2/20","E5","Erigeron annuus","erann",47.665953377879,79.9638188778057,0.955341913900757,17.2021268152851,13.3635901248021,0.669543822331057
"72","200702_levul_.xlsx","levul-E5-1","7/2/20","E5","Leucanthemum vulgaris","levul",19.6566385428347,148.167032995015,0.915258279404801,2.11580556059008,38.6865978211985,0.579466123215689
"73","200702_ropse_.xlsx","ropse-E5-2","7/2/20","E5","Robinia pseudo-acacia","ropse",83.4801648348727,206.044288543724,0.812009177404904,3.13434648543722,8.65873118429182,0.56880715223507
"74","200707_acneg2_.xlsx","acneg-E19-1","7/7/20","E19","Acer negundo","acneg",51.8994485692081,97.7092470846416,0.810357296820281,9.76926163414319,23.5599414282589,0.631652374835865
"75","200707_amart_.xlsx","amart-E19-1","7/7/20","E19","Ambrosia artemisiifolia","amart",124.856763301325,228.785136263388,0.742376523033556,4.36495011781366,5.40637052302894,0.565644629538222
"76","200707_arvul_.xlsx","arvul-E19-1","7/7/20","E19","Artemisia vulgaris","arvul",90.8572109375724,173.85161811776,0.574455080166516,7.16212978147799,24.0108121778289,0.5086038368369
"77","200715_amart_s5_.xlsx","amart-E5-1","7/15/20","E5","Ambrosia artemisiifolia","amart",128.839040478051,239.900352409392,0.799413649698545,4.60596640233125,5.30392881258357,0.577512424833233
"78","200715_arvul_.xlsx","arvul-E5-1","7/15/20","E5","Artemisia vulgaris","arvul",66.8774843141426,140.310032089933,0.967979743423688,4.18768163218472,8.81512383013694,0.62634219056913
"79","200715_cocan_s5_.xlsx","cocan-E5-1","7/15/20","E5","Conyza canadensis","cocan",66.1040912459451,110.038836010996,1.00472348633028,13.086374306513,5.57962029703846,0.679943603704687
"80","200722_s20_acneg_.xlsx","acneg-E20-1","7/22/20","E20","Acer negundo","acneg",60.2240537584958,106.184691971532,0.657513568710389,18.17472447296,30.9068082326675,0.582189210135562
"81","200722_s20_ropse_.xlsx","ropse-E20-1","7/22/20","E20","Robinia pseudo-acacia","ropse",77.3136112661464,120.876575192016,0.627426613077745,18.0932412041297,30.6084689238896,0.577604173823339
"82","200806_acneg_s7_.xlsx","acneg-E7-2","8/6/20","E7","Acer negundo","acneg",66.3335779507303,114.199545260598,0.62706140275874,16.9021675734328,27.4415084985557,0.569011843760736
"83","200808_ropse_s7_.xlsx","ropse-E7-1","8/8/20","E7","Robinia pseudo-acacia","ropse",53.2128020349356,95.2503234885878,0.728736749238282,27.7249752298371,41.5359024480221,0.634987926329165
"84","20190714_faja_moha_.xlsx","fajap-F23-1","8/14/19","F23","Fallopia japonica","fajap",84.1462233181407,132.800523218185,1.81112696907251,4.42464057075652,3.53522319691257,0.529605361393079
"85","20190714_faja_sama_.xlsx","fajap-F37-1","8/14/19","F37","Fallopia japonica","fajap",63.1240787988544,117.095808604663,0.598385489402073,2.07231221809217,3.45046575128525,0.351621564488694
"86","20190714_faja_stgr_.xlsx","fajap-F32-1","8/14/19","F32","Fallopia japonica","fajap",131.972722258617,169.794277957894,1.66341882381453,4.48344824659838,3.60715622542525,0.46436707162922
"87","20190716_faja_sqda_.xlsx","fajap-F39-1","7/16/19","F39","Fallopia japonica","fajap",119.882770371552,146.246441073081,1.75374514479389,6.87689438883494,3.60091873001467,0.60210835221132
"88","20190716_pain_bana2_.xlsx","pains-F5-1","7/16/19","F5","Parthenocissus inserta","pains",28.1721686373838,-0.357142707335833,0.218234165912643,25.1614373482038,7.07754556470839,0.266348127849277
"89","20190717_faja_jalo_.xlsx","fajap-F20-1","7/17/19","F20","Fallopia japonica","fajap",113.312879222071,162.343077867974,0.613727053445631,3.93746905398868,4.48584658426509,0.408015918316464
"90","20190717_pain_cana_.xlsx","paspp-F10-1","7/17/19","F10","Parthenocissus sp.","paspp",76.597847358238,85.7043442689861,0.866623655147666,15.2189646947944,3.7101496846987,0.804105283038407
"91","20190717_rops_cana_.xlsx","ropse-F10-1","7/17/19","F10","Robinia pseudo-acacia","ropse",131.804921111943,190.072718064461,1.94808113088092,3.39287222066892,4.88710001081863,0.490720796035182
"92","20190718_sogi_cana_.xlsx","sogig-F10-1","7/18/19","F10","Solidago gigantea","sogig",47.9884979579277,19.5645065818349,0.0977401856567978,13.1923284204149,2.17752993293968,0.121916029053454
"93","20190719_prav_sama_.xlsx","pravi-F37-1","7/19/19","F37","Prunus avium","pravi",66.1568139177644,112.716213270038,1.62985457979058,4.01826363835421,28.2725086632446,0.479041538503273
"94","20190722_quru_foeu_.xlsx","qurub-F18-1","7/22/19","F18","Quercus rubra","qurub",62.4249955673095,87.3751884096877,0.0353554640134954,10.4638209987327,9.21130333806765,0.0680994733340581
"95","20190724_faja_rsaw_.xlsx","fajap-F31-1","7/25/19","F31","Fallopia japonica","fajap",87.0241971244553,43.7742360137421,0.0406264857689034,16.8688520369057,2.90549250842858,0.0617386346912228
"96","20190724_prse_rsaw_.xlsx","prser-F31-1","7/24/19","F31","Prunus serotina","prser",85.4300821495869,97.9868260078858,0.116571273532566,3.88953416972012,2.41547986548838,0.145430240333401
"97","20190724_quru_rsaw_.xlsx","qurub-F31-1","7/24/19","F31","Quercus rubra","qurub",105.950102836655,68.8176286062,0.0315124996137638,11.7893309590251,2.92278898211079,0.044947158099194
"98","20190724_rops_rsaw_combined.xlsx","ropse-F31-1","7/24/19","F31","Robinia pseudo-acacia","ropse",48.2639354169049,133.230080644474,0.336450930601289,2.7235794856145,28.2548882647833,0.303158731232077
"99","20190725_prav_rsaw_.xlsx","pravi-F31-1","7/25/19","F31","Prunus avium","pravi",91.9689186247632,114.206654988203,0.220707413300179,3.25092796688147,2.49894211493596,0.227611304685079
"100","20190728_quro_crec_.xlsx","qurob-F14-1","7/28/19","F14","Quercus robur","qurob",145.949962507268,167.810369905955,0.764609769354105,3.84917812344721,3.71132745734314,0.402086607318635
"101","20190728_quru_crec_.xlsx","qurub-F14-1","7/28/19","F14","Quercus rubra","qurub",122.721697014244,50.823001953399,0.021646664224432,9.68087746263445,2.21320032586631,0.0313990184010379
"102","20190729_faja_crec_.xlsx","fajap-F14-1","7/29/19","F14","Fallopia japonica","fajap",136.599735904056,107.392122264001,0.558249821935489,7.61155294417012,2.75665295029999,0.361856235556085
"103","20190815_faja_bove_.xlsx","fajap-F9-1","8/15/19","F9","Fallopia japonica","fajap",145.062295856405,146.107250471426,0.816037662375784,6.70219739816555,4.08355624368837,0.414740905098254
"104","20190815_faja_bove2_.xlsx","fajap-F9-1","8/15/19","F9","Fallopia japonica","fajap",210.962450864647,147.924421773372,1.14299854382345,12.9473433077631,3.55251283881143,0.401494420711711
"105","20190815_faja_corb_.xlsx","fajap-F13-1","8/15/19","F13","Fallopia japonica","fajap",145.817385106267,173.071147695766,0.583930025461176,4.93972109683357,3.06548209144456,0.374025801363717
"106","20190815_faja_dolu_.xlsx","fajap-F16-1","8/15/19","F16","Fallopia japonica","fajap",170.498511964885,120.91007437162,2.11103400126439,7.16956622180157,3.51539049423783,0.436289605043849
"107","20200526_faja_ptsj_.xlsx","fajap-F27-1","5/26/20","F27","Fallopia japonica","fajap",86.5000744396314,123.524631337213,0.903767792341133,6.41037764686991,6.26451425011399,0.631385370538781
"108","20200526_pain_ptsj_.xlsx","paspp-F27-1","5/26/20","F27","Parthenocissus sp.","paspp",43.3035055512812,55.2096612743857,0.875566810139342,14.9598357032403,13.8881876493343,0.642704746903225
"109","20200526_plla_ptsj_.xlsx","pllan-F27-1","5/26/20","F27","Plantago lanceolata","pllan",79.7683414497886,116.25971629004,0.914776765628457,5.6583356003198,4.38666106529349,0.619340962390503
"110","20200527_hulu_ptsj_.xlsx","hulup-F27-1","5/27/20","F27","Humulus lupulus","hulup",50.5183287185036,37.1259313800921,0.770022693883143,27.8249430547793,18.5484157642584,0.618944430166803
"111","20200605_acne_sama","acneg-F37-1","6/5/20","F37","Acer negundo","acneg",29.0464007081462,97.9899090451119,0.687820030751642,15.9650589817605,43.315372947403,0.569603632253666
"112","20200605_acps_sama_.xlsx","acpse-F37-1","6/5/20","F37","Acer pseudoplatanus","acpse",49.4391409158801,45.0183770482237,0.842062319718547,24.293510810973,15.2081478594735,0.640070209509657
"113","20200605_anod_sama_.xlsx","anodo-F37-1","6/5/20","F37","Anthoxanthum odoratum","anodo",66.4103963814043,39.8923030906591,0.972362738207247,24.8569630126602,4.88686558014808,0.646194611923582
"114","20200605_plla_sama_.xlsx","pllan-F37-1","6/5/20","F37","Plantago lanceolata","pllan",100.897831703683,106.524157823623,0.744745526746342,13.9577498843937,4.41526254129802,0.577445991712682
"115","20200608_anod_sedr_.xlsx","anodo-F33-1","6/8/20","F33","Anthoxanthum odoratum","anodo",67.693087123436,79.4625080404841,0.816722311294575,9.36100987866785,4.66953214837373,0.586273865498405
"116","20200608_prse_sedr_.xlsx","prser-F33-1","6/8/20","F33","Prunus serotina","prser",65.9348482467612,51.1260939022664,0.862685498871997,19.6361170809061,4.6650306195104,0.611476206037129
"117","20200608_quru_sedr_.xlsx","qurub-F33-1","6/8/20","F33","Quercus rubra","qurub",78.9061408556478,37.8379265634711,0.400544980574793,27.2951314499326,2.61886031010951,0.392710514161045
"118","20200610_acne_sama_.xlsx","acneg-F37-2","6/10/20","F37","Acer negundo","acneg",20.1883862422023,103.537736313915,0.544630470475312,2.10265315366292,37.0058528376347,0.459496525527814
"119","20200610_aggi_aill_.xlsx","aggig-F1-1","6/10/20","F1","Agrostis gigantea","aggig",43.4607105928408,92.9188088953828,0.963153619055614,3.35935618788683,5.12447023242179,0.615657884251365
"120","20200610_agst_sama_.xlsx","agsto-F37-1","6/10/20","F37","Agrostis stolonifera","agsto",19.3940219463999,127.175733186851,0.669006758678304,7.0805741459854,38.9343422640237,0.534409161123673
"121","20200616_agst_daou_.xlsx","agsto-F15-1","6/16/20","F15","Agrostis stolonifera","agsto",43.9863619008959,79.3921029906053,0.821080017826029,4.21572774064121,19.2579047233254,0.566757596218005
"122","20200616_chal_daou_.xlsx","chalb-F15-1","6/16/20","F15","Chenopodium album","chalb",136.055871859847,195.186146717508,0.237648005096586,4.84170427145249,4.8025740019562,0.289875950156025
"123","20200616_coca_daou_.xlsx","cocan-F15-1","6/16/20","F15","Conyza canadensis","cocan",113.080702481976,186.336706701178,0.645894803222162,3.71073119832487,4.03201889143385,0.51093317460832
"124","20200616_plla_daou_.xlsx","pllan-F15-1","6/16/20","F15","Plantago lanceolata","pllan",76.0991609605941,145.609864843937,0.8408660728963,5.97749902978909,30.3640606805807,0.571060285605592
"125","20200616_plla_daou2_.xlsx","pllan-F15-2","6/16/20","F15","Plantago lanceolata","pllan",72.4543760680923,135.552820356828,0.714114809727093,4.27120410366326,4.42019217739197,0.635395604757491
"126","20200616_seja_daou_.xlsx","sejac-F15-1","6/16/20","F15","Senecio jacobaea","sejac",111.889420134989,233.662720152163,1.70256570941721,3.56437511910597,4.72051309173991,0.653019743903463
"127","20200617_eran_mttr_.xlsx","erann-F22-1","6/17/20","F22","Erigeron annuus","erann",40.3425332600904,44.8347760563057,0.787556058458978,15.7105007421961,3.1468466886864,0.503419721101454
"128","20200617_prse_mttr_.xlsx","prser-F22-1","6/17/20","F22","Prunus serotina","prser",32.3484016480206,61.4744474481473,0.755728244035264,5.98042754429991,18.6804087503913,0.576790498224808
"129","20200618_agst_bltr_.xlsx","agsto-F8-1","6/18/20","F8","Agrostis stolonifera","agsto",50.0178822209783,76.9761417192046,0.906404712226434,3.04479581394152,3.00349132404847,0.486349521820477
"130","20200618_agst_cana_.xlsx","agsto-F10-1","6/18/20","F10","Agrostis stolonifera","agsto",72.8572675399286,109.460314229586,0.757143602778204,3.53555216092897,2.96031446614984,0.469401739879849
"131","20200618_plla_cana_.xlsx","pllan-F10-1","6/18/20","F10","Plantago lanceolata","pllan",97.2912761799816,140.648317030034,0.411722048116784,2.81149455197421,2.50863469744329,0.334751490688725
"132","20200618_seja_cana_.xlsx","sejac-F10-1","6/18/20","F10","Senecio jacobaea","sejac",64.8826963698496,83.2612654790494,0.672796624248034,3.51359552966228,2.78412630638605,0.438352732424808
"133","20200623_agst_bove_.xlsx","agsto-F9-1","6/23/20","F9","Agrostis stolonifera","agsto",46.1215242168535,74.340394088164,0.73618633488465,3.01727673447046,2.9749829333523,0.418247171236149
"134","20200623_chal_clsa_.xlsx","chalb-F12-1","6/23/20","F12","Chenopodium album","chalb",123.089145596931,209.48151827909,0.24320668525362,1.94785863013357,2.25022816201704,0.25366942709508
"135","20200623_chal_guig_.xlsx","chalb-F19-1","6/23/20","F19","Chenopodium album","chalb",87.8346529148746,197.252514239117,2.91301475298873,1.74207310013044,3.18939127939438,0.375249170920155
"136","20200623_plla_guig_.xlsx","pllan-F19-1","6/23/20","F19","Plantago lanceolata","pllan",94.3622561092117,200.114400459327,1.63739936455098,2.6229004892903,3.34076557792441,0.548912343695327
"137","20200623_sevu_clsa_.xlsx","sevul-F12-1","6/23/20","F12","Senecio vulgaris","sevul",96.4182933936753,195.432079640313,1.06895576430628,2.24238889124864,3.07958615543687,0.484998657439378
"138","20200624_chal_laeb_.xlsx","chalb-F3-1","6/24/20","F3","Chenopodium album","chalb",100.988203316889,220.990623885041,1.01464238246474,2.3370838010478,3.47084420052755,0.459720008481352
"139","20200624_coca_aill","cocan-F1-1","6/24/20","F1","Conyza canadensis","cocan",73.8288416879916,156.959322432634,0.62839911466398,2.83381722331072,30.5191470682759,0.431370799719137
"140","20200624_coca_laeb_.xlsx","cocan-F3-1","6/24/20","F3","Conyza canadensis","cocan",125.595648212212,240.547320169348,1.03457606947625,2.98450314647482,3.0661807131074,0.492442619324728
"141","20200624_seja_aill_.xlsx","sejac-F1-1","6/24/20","F1","Senecio jacobaea","sejac",83.6653674061852,154.798678101159,0.623179203524675,10.3205566264475,31.7465444484307,0.562508735415952
"142","20200624_seja_aill2_.xlsx","sejac-F1-2","6/24/20","F1","Senecio jacobaea","sejac",82.6411560581729,152.593179834266,0.88775350111388,3.10681590662482,3.02795031560255,0.489221901457182
"143","20200625_chal_salo_.xlsx","chalb-F36-1","6/25/20","F36","Chenopodium album","chalb",75.9980046024712,149.290050095734,0.664887117796566,2.52881492108061,3.0063264898406,0.435644734723045
"144","20200625_coca_salo_.xlsx","cocan-F36-2","6/25/20","F36","Conyza canadensis","cocan",88.7151724849722,148.288467509041,1.88633736146822,3.76452583737674,3.6475011129606,0.597089449179805
"145","20200625_seja_salo_.xlsx","sejac-F36-1","6/25/20","F36","Senecio jacobaea","sejac",62.9628017679663,139.521554158284,1.20615011261213,2.28223244493609,3.18533318623304,0.496746616528935
"146","20200625_sevu_salo2_.xlsx","sevul-F36-2","6/25/20","F36","Senecio vulgaris","sevul",102.599977738929,222.646532686089,1.65925986788872,2.44032667408176,3.29383563053903,0.529463912537894
"147","20200628_chal_card","chalb-F11-1","6/28/20","F11","Chenopodium album","chalb",129.996179379224,199.924459411442,0.473496153237636,8.58501199617252,22.1166318756424,0.452669553720392
"148","20200628_sevu_card_.xlsx","sevul-F11-1","6/28/20","F11","Senecio vulgaris","sevul",97.2333553845233,193.734605812257,0.951983352002992,4.80539934015145,5.97102909897656,0.629159628336477
"149","20200630_coca_aill_.xlsx","cocan-F1-2","6/30/20","F1","Conyza canadensis","cocan",81.4513189441784,110.13458221037,0.835587303061601,13.5889848363614,4.31064024339899,0.623677724560564
"150","20200630_laan_sale_.xlsx","laana-F35-1","6/30/20","F35","Laburnum anagyroides","laana",44.9472331637507,96.1533533864418,0.720940462970374,18.0982873478204,39.4364320133201,0.608105757843558
"151","20200630_laan_sale2_.xlsx","laana-F35-2","6/30/20","F35","Laburnum anagyroides","laana",39.6072810997624,85.9545485822742,0.744182508776556,14.8782688709057,27.2872797264279,0.610423591563658
"152","20200630_rops_sale_.xlsx","ropse-F35-1","6/30/20","F35","Robinia pseudo-acacia","ropse",48.1579743463157,90.246448406324,0.869440655345163,4.48701061131927,6.86459104846602,0.614143279740382
"153","20200630_seja_laeb3_.xlsx","sejac-F55-3","6/30/20","F55","Senecio jacobaea","sejac",82.2530328367821,150.439090038942,0.730573898651546,4.3226981411471,4.64197832672963,0.558089331229438
"154","20200703_laan_aill_.xlsx","laana-F43-2","7/3/20","F43","Laburnum anagyroides","laana",71.1612690555968,109.17241425866,0.65094100576143,16.6558064772113,30.1070398485631,0.573047883109492
"155","20200703_laan_aill2_.xlsx","laana-F43-1","7/3/20","F43","Laburnum anagyroides","laana",72.3282488426914,149.910119427836,1.242971553118,3.76854884778168,18.2554939237845,0.698119249296567
"156","20200703_sevu_aill_.xlsx","sevul-F1-1","7/3/20","F1","Senecio vulgaris","sevul",153.790721014627,205.119607086926,0.547152834898816,5.17302483397698,4.44191358115307,0.496324392366197
"157","20200706_euca_pier_.xlsx","eucan-F29-1","7/6/20","F29","Eupatorium cannabinum","eucan",65.0726717339061,83.6427355215779,0.615059786299079,3.64169672073123,2.68511262177361,0.408684680052499
"158","20200706_hulu_ours_.xlsx","hulup-F26-1","7/6/20","F26","Humulus lupulus","hulup",44.6284936010381,77.7149194694325,0.771844306279716,2.88391652454288,2.91332820803454,0.477427385549069
"159","20200706_pain_ours_.xlsx","paspp-F26-1","7/6/20","F26","Parthenocissus sp.","paspp",32.977366034664,45.6495524558545,0.597397350128744,11.0811090973168,2.87513179646667,0.507867183152214
"160","20200706_prav_pier_.xlsx","pravi-F29-1","7/6/20","F29","Prunus avium","pravi",31.6510276529708,63.7572404594814,0.568715338942078,2.40069580724487,2.84007025852239,0.396290569888236
"161","20200707_acne_vimo_.xlsx","acneg-F42-1","7/7/20","F42","Acer negundo","acneg",19.1256642828769,99.1662356258485,0.532235071668585,1.6627509165932,41.5518281131953,0.377940000424933
"162","20200707_acps_vimo_.xlsx","acpse-F42-1","7/7/20","F42","Acer pseudoplatanus","acpse",38.6279956693108,59.9651713872754,0.719560923105604,4.07315576600634,7.22903402437429,0.483302266871733
"163","20200707_coca_tail_.xlsx","cocan-F40-1","7/2/20","F40","Conyza canadensis","cocan",95.5716398957461,133.18355498435,0.728062753951181,5.74634954185383,5.04752778334723,0.5605979705353
"164","20200707_eran_avel_.xlsx","erann-F4-1","7/2/20","F4","Erigeron annuus","erann",60.2883150278412,55.0402559270431,0.97816557599509,26.5060627019477,5.69967746126866,0.655581455873415
"165","20200707_eran_pier_.xlsx","erann-F29-1","7/7/20","F29","Erigeron annuus","erann",72.1197601566102,86.2480627549212,2.16324422613121,10.8539235851579,3.26892939720903,0.615900033166443
"166","20200707_euca_vimo_.xlsx","eucan-F42-1","7/7/20","F42","Eupatorium cannabinum","eucan",65.4600657665878,84.5648514614863,0.83865473732805,4.40422243194808,2.89109128459084,0.462860434827506
"167","20200707_hulu_cana_.xlsx","hulup-F10-1","7/2/20","F10","Humulus lupulus","hulup",46.9558414660823,41.2429202460394,0.865802536347127,29.2233676126999,25.8996432323549,0.661420179084075
"168","20200708_hulu_rsaw_.xlsx","hulup-F31-1","7/8/20","F31","Humulus lupulus","hulup",36.1444169239433,46.9290445054829,0.775971647459194,31.3655546772584,35.5896394004788,0.605219120365397
"169","20200708_laan_rsaw_.xlsx","laana-F31-1","7/8/20","F31","Laburnum anagyroides","laana",73.4881530030372,68.6603925803505,1.07360001905192,18.37770832438,5.23289777262909,0.668947405675059
"170","20200708_quro_rsaw_.xlsx","qurob-F31-1","7/8/20","F31","Quercus robur","qurob",40.3615496376923,85.4710412262274,0.733065626623806,21.8581332981907,42.0614145502447,0.640417666274415
"171","20200708-pain_rsaw_.xlsx","paspp-F31-1","7/8/20","F31","Parthenocissus sp.","paspp",32.721606623931,82.1121575003004,0.667834558681636,8.08649411242525,28.8021738333377,0.549377991022809
"172","20200709_eran_aill_.xlsx","erann-F1-1","7/9/20","F1","Erigeron annuus","erann",63.7039331291134,103.517535528277,1.36629343894203,2.37121711617529,3.13925124651619,0.47419785600409
"173","20200709_euca_alle_.xlsx","eucan-F2-1","7/9/20","F2","Eupatorium cannabinum","eucan",109.275370590384,133.426409857852,0.871545284672967,4.45650772117425,3.25031675815367,0.463990068951215
"174","20200709_euca_picq_.xlsx","eucan-F28-1","7/9/20","F28","Eupatorium cannabinum","eucan",107.816305442991,144.108075955139,0.610007073223223,3.28471257631469,2.7969494517098,0.430782767584151
"175","20200709_hulu_picq_.xlsx","hulup-F28-1","7/9/20","F28","Humulus lupulus","hulup",45.062896345816,61.4022545182247,0.778731822193562,3.47687919061847,2.84529617105819,0.454516976041258
"176","20200709_pain_picq_.xlsx","paspp-F28-1","7/9/20","F28","Parthenocissus sp.","paspp",29.2334100404274,61.2633368914293,0.132315480656251,1.6079126527325,4.92737047918946,0.158384014881917
"177","20200709_pain_picq2_.xlsx","paspp-F28-2","7/9/20","F28","Parthenocissus sp.","paspp",48.384351204385,66.3992133734836,0.688081204863446,24.6059236211556,29.8620324820889,0.609927188496752
"178","20200715_euca_sedr_.xlsx","eucan-F33-1","7/15/20","F33","Eupatorium cannabinum","eucan",72.3060482834052,123.283335254687,0.562382846652819,2.6627814477737,2.76081953592713,0.40584802198196
"179","20200715_prav_sedr_.xlsx","pravi-F33-1","7/15/20","F33","Prunus avium","pravi",44.8504064283987,85.9961674347717,1.12126897677451,2.55071621959846,3.35102199550383,0.48669608296329
"180","20200715_quro_sedr_.xlsx","qurob-F33-1","7/15/20","F33","Quercus robur","qurob",33.0932496906899,58.9677343808923,0.774775199794915,2.88254376046435,3.14509061196723,0.473179639356874
"181","20200716_acne_oriv_.xlsx","acneg-F25-1","7/16/20","F25","Acer negundo","acneg",24.0837474603795,82.1527689022787,0.462462538794849,2.60474723727203,41.0641060442917,0.417857626363876
"182","20200716_acps_oriv_.xlsx","acpse-F25-1","7/16/20","F25","Acer pseudoplatanus","acpse",48.3325730141395,45.0373942920342,1.04572083087431,24.7360705062627,3.37669960069321,0.579797644233013
"183","20200716_eran_oriv_.xlsx","erann-F25-1","7/16/20","F25","Erigeron annuus","erann",83.8612084597937,156.933911823079,1.46392027380769,2.83740423623947,4.08391475199471,0.513800091101562
"184","20200717_prav_aill_.xlsx","pravi-F1-1","7/17/20","F1","Prunus avium","pravi",62.8082572818568,135.627400115345,0.822983322087673,3.27131130617044,7.19195305280041,0.586882580198057
"185","20200717_prse_aill_.xlsx","prser-F1-1","7/17/20","F1","Prunus serotina","prser",52.5079109896768,95.8997108373116,0.832758697517829,4.21026064117375,5.57899101364199,0.595301154241134
"186","20200717_rops_aill_.xlsx","ropse-F1-1","7/17/20","F1","Robinia pseudo-acacia","ropse",50.5952329297445,105.80289464642,0.771190390460823,3.51821642619418,6.41090327592856,0.576114166409788
"187","20200721_quro_stgr_.xlsx","qurob-F34-1","7/21/20","F34","Quercus robur","qurob",40.5157567414748,98.5392065472313,0.878052808769501,4.06071948174381,23.4693128706173,0.618488986607804
"188","20200721_quru_stgr_.xlsx","qurub-F34-1","7/21/20","F34","Quercus rubra","qurub",42.5900990019768,98.2135733494414,0.792463937787058,14.7065030072508,23.974103484769,0.590437414433946
"189","20200721_sogi_card_.xlsx","sogig-F11-1","7/21/20","F11","Solidago gigantea","sogig",43.2047303821918,130.976054069968,2.37197173462306,2.75801848865494,23.9070681556901,0.616264613399132
"190","20200722_prav_crec_.xlsx","pravi-F57-1","7/22/20","F57","Prunus avium","pravi",22.1534518437482,105.486700008428,0.764807653796164,11.9510832362948,36.7770202478831,0.550276168106919
"191","20200722_prse_crec_.xlsx","prser-F57-1","7/22/20","F57","Prunus serotina","prser",26.5757514752089,81.0846594033027,0.869006631858341,17.8398849125686,35.3609321357743,0.654456996884162
"192","20200722_rhca_crec_.xlsx","rhcat-F14-1","7/22/20","F14","Rhamnus cathartica","rhcat",38.0430144916072,124.91384691345,0.882345969466611,2.58849175192732,26.478338277642,0.572821389170501
"193","20200723_laan_cana_.xlsx","laana-F10-1","7/23/20","F10","Laburnum anagyroides","laana",23.7149236773977,106.481356202629,0.782831893167822,2.24810437871195,34.7992267987666,0.536990830178044
"194","20200723_rhca_behe_.xlsx","rhcat-F7-1","7/23/20","F7","Rhamnus cathartica","rhcat",43.5667803486335,75.0143551266246,0.806168083263832,11.1209575807919,9.17249685322988,0.612634036970145
"195","20200723_rhca_bove_.xlsx","rhcat-F9-1","7/23/20","F9","Rhamnus cathartica","rhcat",32.5352273712086,76.9989671892972,0.652692737170445,24.7821673737529,45.4250752330828,0.603153576243285
"196","20200727_aggi_sama_.xlsx","aggig-F37-1","7/27/20","F37","Agrostis gigantea","aggig",43.7988249896984,157.469795934281,1.03134673011904,2.70809969194219,32.2166266753415,0.627725878564949
"197","20200727_bifr_sama_.xlsx","bitri-F37-1","7/27/20","F37","Bidens tripartita","bitri",100.148916265025,182.712554709943,0.804942665292258,4.78174656335992,5.34668903291588,0.599670410889394
"198","20200727_rhca_sama_.xlsx","rhcat-F37-1","7/27/20","F37","Rhamnus cathartica","rhcat",29.251742557899,84.5213697920165,0.614719392237279,16.1944812627762,40.7986793287331,0.570914124091074
"199","20200727_sogi_ptsj_.xlsx","sogig-F27-1","7/27/20","F27","Solidago gigantea","sogig",47.2520137501409,65.3904639712825,0.881933203375204,34.8436895083047,43.6184250113559,0.668283766265713
"200","20200728_acne_vasa_.xlsx","acneg-F41-1","7/28/20","F41","Acer negundo","acneg",54.6668217041875,44.6954959451713,0.887335534232191,24.5459717121533,5.29176124590397,0.62050932200532
"201","20200728_acps_vasa_.xlsx","acpse-F41-1","7/28/20","F41","Acer pseudoplatanus","acpse",50.8224733359278,102.664900487631,0.85365039448404,6.43132388600824,22.9760674585711,0.620242147263158
"202","20200728_bitr_beau_.xlsx","bitri-F6-1","7/28/20","F6","Bidens tripartita","bitri",115.377183072648,204.083973847022,0.681722536487714,5.38423005170622,5.50904462835879,0.546881334849118
"203","20200729_acne_soup_.xlsx","acneg-F38-1","7/29/20","F38","Acer negundo","acneg",28.1475137041174,108.197240869735,0.662726700236536,2.53053316306059,34.3095950978781,0.529437959318144
"204","20200729_acps_poar_.xlsx","acpse-F30-1","7/29/20","F30","Acer pseudoplatanus","acpse",53.7838185559344,127.499332201291,1.39904967143661,3.37794272340361,19.9980232665038,0.698155316714937
"205","20200729_acps_vasa2_.xlsx","acpse-F41-2","7/29/20","F41","Acer pseudoplatanus","acpse",50.0349346494585,75.7098514292462,0.703953248201844,22.5408437846477,35.6623532831117,0.599278547736477
"206","20200729_bifr_oeui_.xlsx","bifro-F24-1","7/29/20","F24","Bidens frondosa","bifro",74.3099257120999,130.937871703728,0.809699869030699,6.05273790701834,6.01097622030394,0.60846599133154
"207","20200729_bitr_oeui_.xlsx","bitri-F24-1","7/29/20","F24","Bidens tripartita","bitri",100.579231157105,61.3393258568397,1.21214817885058,34.3164084407091,5.05222787073837,0.710116581177357
"208","20200730_bifr_aill_.xlsx","bifro-F1-1","7/30/20","F1","Bidens frondosa","bifro",68.8579324416038,124.174030958894,0.873200560442815,5.35583256913579,5.93465007838881,0.616622339023115
"209","20200730_sogi_aill_.xlsx","sogig-F1-1","7/30/20","F1","Solidago gigantea","sogig",53.2295690215008,51.1709447019057,0.0715935937934287,14.0644724138152,5.01878641627374,0.102434603124945
"210","20200730_sovi_aill_.xlsx","sovir-F1-1","7/30/20","F1","Solidago virgaurea","sovir",38.7824500164665,82.3735168370672,0.817059566412186,22.1857760136502,32.410071824006,0.634154755132961
"211","20200731_rhca_ferr_.xlsx","rhcat-F17-1","7/31/20","F17","Rhamnus cathartica","rhcat",43.3350456397488,138.568728224139,0.649887878161308,2.05813661330676,21.7507984200009,0.510111181326041
"212","20200731_sovi_ferr_.xlsx","sovir-F17-1","7/31/20","F17","Solidago virgaurea","sovir",44.3833749443622,58.3291119913627,0.918655415124627,29.2298143734683,29.7677395662862,0.682834011933411
"213","20200806_TM.xlsx","euala-J22-1","8/6/20","J22","Euonymus alatus","euala",34.6171385953804,80.0247563838808,1.04732510620048,2.71891433803429,7.66032289380174,0.592563527015233
"214","20200807_SM.xlsx","ceorb-J22-1","8/7/20","J22","Celastrus orbiculatus","ceorb",32.8285324355332,77.9054372430526,0.68203422035223,2.5095472457462,10.9823819472582,0.517435585322227
"215","20200807_UM.xlsx","lojap-J22-1","8/7/20","J22","Lonicera japonica","lojap",37.7754232412917,111.005856214415,0.628913296848692,1.99764055225246,22.0471032573824,0.465255285107865
"216","20200810_VN.xlsx","romul-J1-1","8/10/20","J1","Rosa multiflora","romul",49.5655259324198,50.5469254976365,0.826883880124898,33.138227614581,26.2386850242012,0.615614160438195
"217","20200810_WN.xlsx","vidil-J1-1","8/10/20","J1","Viburnum dilatatum","vidil",58.006474875594,43.1834348113919,0.835437873344682,27.008827419736,10.9469131612585,0.582023762449261
"218","20200811_TO.xlsx","euala-J2-1","8/11/20","J2","Euonymus alatus","euala",34.2709714255363,55.488896379346,0.564436000379986,5.01908323369897,4.66719079846416,0.460807746211551
"219","20200811_WO.xlsx","vidil-J2-1","8/11/20","J2","Viburnum dilatatum","vidil",50.4416076299226,83.3375017525139,1.16280092790369,3.9659221256178,4.72304647416096,0.613224693681072
"220","20200821_SO.xlsx","ceorb-J2-1","8/21/20","J2","Celastrus orbiculatus","ceorb",23.0412913331136,73.0833457856692,0.625750012479631,11.8214909459407,31.4670813915818,0.549547158367203
"221","20200821_VM.xlsx","romul-J22-1","8/21/20","J22","Rosa multiflora","romul",38.6517349773589,59.2017606295978,0.772419148959176,29.2200379030522,26.5927070314347,0.637245483403397
"222","20200824_VQ.xlsx","romul-J16-1","8/24/20","J16","Rosa multiflora","romul",50.7497803841949,54.7630596291086,1.01922434401303,30.0379014161671,15.7681181791755,0.65405122681456
"223","20200824_WQ.xlsx","vidil-J16-1","8/24/20","J16","Viburnum dilatatum","vidil",36.617567660033,62.9090120551246,0.770221880222769,11.8266576830148,21.2393625896906,0.604641907827191
"224","20200825_TQ.xlsx","euala-J16-1","8/25/20","J16","Euonymus alatus","euala",35.5770521367546,69.6341425869721,0.667364572314271,3.2860046441072,11.9239309676695,0.497482842424586
"225","20200825_UQ.xlsx","lojap-J16-1","8/25/20","J16","Lonicera japonica","lojap",45.8199166582411,56.4754347449752,0.65065134171067,15.1586516752316,3.91346428240043,0.511249822227872
"226","20200828_SR.xlsx","ceorb-J19-1","8/28/20","J19","Celastrus orbiculatus","ceorb",47.9057856959221,66.7919764179578,0.644737628500066,7.69371214803209,4.11214114197362,0.509093255830549
"227","20200828_VR.xlsx","romul-J19-1","8/28/20","J19","Rosa multiflora","romul",48.7112155071056,54.785262251652,0.804850329410615,20.2674889482234,6.34778327635033,0.57522871324301
"228","20200904_TR.xlsx","euala-J19-1","9/4/20","J19","Euonymus alatus","euala",52.472668198682,85.2340319573797,0.651084880954881,3.67404399288056,4.34979275302602,0.482217904227678
"229","20200904_WR.xlsx","vidil-J19-1","9/4/20","J19","Viburnum dilatatum","vidil",51.9672618384686,40.8101631318355,0.85024368005053,25.9407939467659,4.26916786226075,0.585208162198084
"230","20200907_TS.xlsx","euala-J3-1","9/7/20","J3","Euonymus alatus","euala",34.5925528140873,67.1676902699311,0.628750222179496,3.02487235898168,9.1304151544685,0.472842858644982
"231","20200907_WS.xlsx","vidil-J3-1","9/7/20","J3","Viburnum dilatatum","vidil",43.2310855576021,58.4416735256468,0.664476668918054,11.5222917902885,4.00998987007231,0.521619171297778
"232","20200908_SS.xlsx","ceorb-J3-1","9/8/20","J3","Celastrus orbiculatus","ceorb",34.7273671985112,51.9360078284901,0.857412580056979,12.4772020533914,4.66411474393493,0.578793356906014
"233","20200908_UP.xlsx","lojap-J21-1","9/8/20","J21","Lonicera japonica","lojap",44.9685120986441,92.4232744540933,0.619845919469628,2.77169110416382,7.26825717401559,0.474531728672634
"234","20200909_UN.xlsx","lojap-J1-1","9/9/20","J1","Lonicera japonica","lojap",58.9384630586534,86.8408194673304,0.864860836651957,4.76128672372518,4.01186828730031,0.540536717674341
"235","2021-09-13-bifro-dewitt.xlsx","bifro-E37-1","9/13/21","E37","Bidens frondosa","bifro",72.0866594443961,164.978463690921,1.06046681166595,3.50982074916677,10.9500633957686,0.632970855768457
"236","2021-09-17_amart dewitt.xlsx","amart-E37-1","9/17/21","E37","Ambrosia artemisiifolia","amart",61.59254016445,128.513981689722,0.517736262124534,3.73892567328182,5.442469549389,0.452625957813755
"237","20210418_anod_daou_.xlsx","anodo-F15-1","4/18/21","F15","Anthoxanthum odoratum","anodo",59.2510876857104,160.821258484709,1.1681559576657,2.83583590873989,20.1014120944484,0.648980349104466
"238","20210418_daca_daou_.xlsx","dacar-F15-1","4/18/21","F15","Daucus carota","dacar",42.0270522546204,73.9297002794708,0.86187350889396,14.4049427066121,13.3377611769799,0.648962892659826
"239","20210526_anod_yzeu_.xlsx","anodo-F60-1","5/26/21","F60","Anthoxanthum odoratum","anodo",23.2770061877419,122.428701788246,0.798686828331213,2.20417279129141,35.5831809059097,0.55758406296418
"240","20210526_daca_yzeu_.xlsx","dacar-F60-1","5/26/21","F60","Daucus carota","dacar",41.6350362057911,79.6333502805511,0.865344257732637,8.58658360942623,6.45989505310175,0.627304230062938
"241","20210526_levu_yzeu_.xlsx","levul-F60-1","5/26/21","F60","Leucanthemum vulgaris","levul",85.208802045537,181.870646036095,0.791419147945691,3.52249995794543,5.81417123703405,0.575432491335344
"242","20210531_anod_bove_.xlsx","anodo-F9-1","5/31/21","F9","Anthoxanthum odoratum","anodo",27.1190431647794,123.48156425153,1.05531265012427,3.07259152241523,34.7260717190072,0.651741926697073
"243","20210531_dagl_bove_.xlsx","daglo-F9-1","5/31/21","F9","Dactylis glomerata","daglo",67.388565626171,152.475846457966,0.827113620540829,3.56507034309069,7.37154439528726,0.587379560085274
"244","20210601_daca_grat_.xlsx","dacar-F54-1","6/1/21","F54","Daucus carota","dacar",42.8963293481661,77.5639235925816,0.754257296000085,16.9099490714594,21.9352269058318,0.595771646432819
"245","20210601_dagl_grat_.xlsx","daglo-F54-1","6/1/21","F54","Dactylis glomerata","daglo",56.0513840639645,79.3514728103962,1.00549978171198,24.1517966125372,46.5846757545477,0.699817824771739
"246","20210601_levu_grat_.xlsx","levul-F54-1","6/1/21","F54","Leucanthemum vulgaris","levul",49.0427118261782,138.655324350698,0.670292800905691,6.86936276702744,49.2478853731448,0.581384532329135
"247","20210604_daca_corb_.xlsx","dacar-F13-1","6/4/21","F13","Daucus carota","dacar",45.2374240786372,55.6043519294911,0.844321003587056,21.57181426833,18.1764864617514,0.645697326356511
"248","20210604_dagl_corb_.xlsx","daglo-F13-1","6/4/21","F13","Dactylis glomerata","daglo",55.3744346742555,117.538667213668,0.782962071016952,3.99090539582672,12.6020160705588,0.582472537498183
"249","20210604_levu_corb_.xlsx","levul-F13-1","6/4/21","F13","Leucanthemum vulgaris","levul",27.9551292225685,156.051308432187,0.759008996516577,2.64792741220163,39.687348395829,0.540645892037547
"250","20210604_levu_vecq_.xlsx","levul-F59-1","6/4/21","F59","Leucanthemum vulgaris","levul",26.5045343886723,150.153887345322,0.483698485809764,7.44052600154933,47.3885259574867,0.459251345463139
"251","20210610_daca_bana_.xlsx","dacar-F44-1","6/10/21","F44","Daucus carota","dacar",30.0833861488371,54.9015083642243,1.0982996011422,4.53080380501253,13.6118866631167,0.656556013336037
"252","20210610_dagl_bana_.xlsx","daglo-F44-1","6/10/21","F44","Dactylis glomerata","daglo",42.3028626839176,117.759993118132,0.749374778406351,3.64376582165914,32.4052634849726,0.55690584090323
"253","20210615_laan_frem_.xlsx","laana-F53-1","6/15/21","F53","Laburnum anagyroides","laana",58.3259921975763,88.0889656335566,0.750900163706965,7.49510208143336,6.10748171707184,0.595778711037534
"254","20210615_levu_fame_.xlsx","levul-F51-1","6/15/21","F51","Leucanthemum vulgaris","levul",80.3262966439057,152.60174048933,0.944019280811971,3.94147069553145,6.52791506209462,0.616631128253927
"255","20210615_rops_fame_.xlsx","ropse-F51-2","6/15/21","F51","Robinia pseudo-acacia","ropse",49.1177087579856,121.104636762908,0.735510315039291,5.85761701479573,33.7404829222296,0.560985099392316
"256","20210615_rops_fame1_.xlsx","ropse-F51-1","6/15/21","F51","Robinia pseudo-acacia","ropse",60.2731552695294,83.6887593692063,0.715724022940706,22.6387150019126,26.0266314341166,0.636480952104696
"257","20210623_dagl_frem_.xlsx","daglo-F53-1","6/23/21","F53","Dactylis glomerata","daglo",52.2187713140727,91.8763794471018,0.639976828357196,5.03360074253063,11.8807062162753,0.531827123641085
"258","20210920_amar_bouu_.xlsx","amart-F46-1","9/20/21","F46","Ambrosia artemisiifolia","amart",92.1559491421987,68.719700786776,1.36347883603743,33.1093458186026,5.63986883262963,0.733869705996564
"259","20210920_amar_lant_.xlsx","amart-F56-1","9/20/21","F56","Ambrosia artemisiifolia","amart",78.3425108509518,151.676185946467,0.533353994997013,13.2787910445897,44.7343668036292,0.527286579926149
"260","20210920_amar_stde_.xlsx","amart-F58-1","9/20/21","F58","Ambrosia artemisiifolia","amart",103.640461742713,139.203267390408,0.704421176178904,8.3204213437714,5.14562449774785,0.553052825660778
"261","20210920_arvu_bouu_.xlsx","arvul-F46-1","9/20/21","F46","Artemisia vulgaris","arvul",85.0235152551036,110.066000206537,0.775900220126608,8.85765335923687,4.52220208577187,0.588941482895291
"262","20210920_arvu_lant_.xlsx","arvul-F56-1","9/20/21","F56","Artemisia vulgaris","arvul",58.9489757875494,122.00086540404,0.749939226441339,6.97272350354708,35.2321140420433,0.599859391088702
"263","20210920_arvu_stde_.xlsx","arvul-F58-1","9/20/21","F58","Artemisia vulgaris","arvul",69.1620824294466,147.758875692454,0.719652516267163,5.06094691940136,34.8883883614088,0.548217507254697
"264","20210920_bifr_bouu_.xlsx","bitri-F46-1","9/20/21","F46","Bidens tripartita","bitri",157.216350800085,198.945382579586,0.425572916590264,6.61938704123713,5.12381683868328,0.41574659567444
"265","20210921_amar_chat_.xlsx","amart-F47-1","9/21/21","F47","Ambrosia artemisiifolia","amart",131.843585478711,161.890583462706,0.509752857335239,11.0399160037483,5.16304661163958,0.469543367710649
"266","20210921_amar_corn_.xlsx","amart-F48-1","9/21/21","F48","Ambrosia artemisiifolia","amart",119.220039954893,200.719570440946,0.607317866213809,6.62481249837779,5.67980476896292,0.503224583720626
"267","20210921_arvu_chat_.xlsx","arvul-F47-1","9/21/21","F47","Artemisia vulgaris","arvul",54.382793450154,152.129525809747,0.850518572364819,4.29526579546866,32.0065361929585,0.597567252992867
"268","20210921_arvu_corn_.xlsx","arvul-F48-1","9/21/21","F48","Artemisia vulgaris","arvul",93.2987457652438,170.171441287052,0.761003232984214,4.97056649598303,5.67734054853083,0.561188638211085
"269","20210921_bifr_chat_.xlsx","bifro-F47-1","9/21/21","F47","Bidens frondosa","bifro",107.213560898004,207.902841936897,0.734708060419109,4.42567259604707,6.36732807194672,0.560988512093516
"270","20211020_sogi_yzeu_.xlsx","sogig-F45-1","10/20/21","F45","Solidago gigantea","sogig",66.549943202596,130.122190571971,0.343003941608639,3.57624953617401,5.28948592130835,0.366873031461049
"271","20211020_sovi_dreu_.xlsx","sovir-F50-1","10/20/21","F50","Solidago virgaurea","sovir",52.8717518272128,65.5409592998113,0.920739542912234,23.1914192582398,5.24621103122364,0.644157281163701
"272","210627-eran-bville_.xlsx","erann-E10-1","6/27/21","E10","Erigeron annuus","erann",36.3327006393804,106.024919156302,1.25366741066441,3.45153388183452,27.8498638492075,0.679242490293991
"273","210627-eran-s20-vb_.xlsx","erann-E19-1","6/27/21","E19","Erigeron annuus","erann",57.5509347013076,60.1429424731857,0.975388853730757,26.0567492025964,6.20837026171024,0.654046571600183
"274","210627-levu-butternut_.xlsx","levul-E22-1","6/27/21","E22","Leucanthemum vulgaris","levul",23.4905508854108,150.212931825345,0.553647338205588,10.3898787389735,46.3627897380283,0.508815270118638
"275","210627-levu-olake_.xlsx","levul-E21-1","6/27/21","E21","Leucanthemum vulgaris","levul",31.7655785515625,156.401874162103,0.987004495506517,3.72146451981594,38.9921459045547,0.642606251507358
"276","210719_ZM.csv","levul-J22-1","7/19/21","J22","Leucanthemum vulgaris","levul",91.8036148858451,153.367261671299,0.402914745919608,3.54207920791499,8.7433803847339,0.370705610210851
"277","210720_ZX.csv","levul-J15-1","7/20/21","J15","Leucanthemum vulgaris","levul",62.3698684095212,177.204116943885,0.57744958551104,1.85909992292968,26.6959972709884,0.408007405760432
"278","210726_YS.csv","bethu-J3-1","7/26/21","J3","Berberis thunbergii","bethu",38.0383830514954,47.7318491046077,0.70030865530278,25.8728191808486,31.4673494984977,0.622538186770904
"279","210802_ZR.csv","levul-J19-1","8/2/21","J19","Leucanthemum vulgaris","levul",74.4429471672265,149.142063215216,0.604618601001748,2.50244871768883,3.8986360969642,0.441729835708151
"280","210803_YN.csv","bethu-J1-1","8/3/21","J1","Berberis thunbergii","bethu",51.1624276217209,72.6312031770028,0.637408110942654,21.0131917805579,23.2604214813351,0.585741616892113
"281","210808_s27_bifro.xlsx","bifro-E27-1","8/6/21","E27","Bidens frondosa","bifro",93.6573654628776,160.4477268188,0.69486896804803,8.4000614605614,5.13503983753314,0.569528010057497
"282","210808_s27_lomo.xlsx","lomor-E27-1","8/9/21","E27","Lonicera morrowii","lomor",79.793422825701,117.251011029457,0.627492509830007,18.7220230450872,24.332488372089,0.570623781907669
"283","210808_s27_sogi.xlsx","sogig-E27-1","8/9/21","E27","Solidago gigantea","sogig",67.3271424179062,66.9648778870357,0.81573012452719,25.8844421380474,4.73733285371745,0.585369056421298
"284","210808_s28_lomo.xlsx","lomor-E28-1","8/9/21","E28","Lonicera morrowii","lomor",89.0088036956479,123.144363851,0.554815527609802,17.1845091527122,24.2264685993647,0.542870471232883
"285","210809_s29_sogi.xlsx","sogig-E29-1","8/10/21","E29","Solidago gigantea","sogig",59.9111846445238,95.6047578979225,0.846541135795806,14.3369984269778,5.20428544975602,0.618809539643339
"286","210809_s30_sogi.xlsx","sogig-E30-1","8/10/21","E30","Solidago gigantea","sogig",74.3229933815303,133.836807998245,0.681585782768864,5.91092891067829,5.39516352155888,0.54021283336557
"287","210809_s31_sogi_2.xlsx","sogig-E31-2","8/10/21","E31","Solidago gigantea","sogig",57.7266630090045,97.5412542896562,0.820182480169916,12.63176375409,5.26386799955691,0.613184978757659
"288","210816_YY.csv","bethu-J5-1","8/16/21","J5","Berberis thunbergii","bethu",24.9388530914711,64.1777264263897,0.59222149105321,11.8957211425132,26.9254827665343,0.505488811987868
"289","210816_ZV.csv","levul-J9-1","8/16/21","J9","Leucanthemum vulgaris","levul",128.13955018477,206.038290186934,3.68112433409399,5.27575614443706,4.0901565612132,0.651022000706739
"290","210824_ZW.csv","levul-J26-1","8/24/21","J26","Leucanthemum vulgaris","levul",73.4014068833971,120.171904659419,0.59950251276245,5.20382788216294,3.26190554500192,0.465709381508248
"291","210829_AAT1.csv","lomor-J25-1","8/29/21","J25","Lonicera morrowii","lomor",62.6307723400004,92.4316015972065,0.649178947509448,3.32429233369128,3.33441618249432,0.442387432867892
"292","210829_AAT2.csv","lomor-J23-1","8/29/21","J23","Lonicera morrowii","lomor",57.0526818703143,100.474933465141,1.00254863095592,3.23746497686759,4.28940097980355,0.521534859940037
"293","210830_AAT3.csv","lomor-J24-1","8/30/21","J24","Lonicera morrowii","lomor",47.9843410693753,81.6798377281166,0.516011719616674,3.19211066339546,3.7624604203464,0.416356551825076
"294","combined_190625_s6_Bethu.xlsx","bethu-E6-1","6/25/19","E6","Berberis thunbergii","bethu",50.50405599441,71.1942849565357,0.625844219367488,20.5605097049354,26.8319537844813,0.570131156974753
"295","combined_190625_s6_ceorb.xlsx","ceorb-E6-1","6/25/19","E6","Celastrus orbiculatus","ceorb",60.7109827024625,90.6215150111892,0.636905871568023,18.9890310570958,25.041845119398,0.57520378824807
"296","combined_190625_s6_parthen.xlsx","paspp-E6-1","6/25/19","E6","Parthenocissus sp.","paspp",45.8198343734682,61.5768017108074,0.700501791938508,26.2466415163046,32.4297073416629,0.605607774723022
"297","combined_190702_s1_parthen.xlsx","paspp-E1-1","7/2/19","E1","Parthenocissus sp.","paspp",72.1842365180605,97.4188669236075,0.56667035528401,17.5818035785579,24.6321723479138,0.535537197434414
"298","combined_190716_s3_viace.xlsx","viace-E3-1","7/16/19","E3","Viburnum acerifolium","viace",49.2632751976999,58.064223768785,0.710580324062586,37.3469780854722,50.453727533104,0.619286567494666
"299","combined_190718_s2_rhcat.xlsx","rhcat-E6-1","7/18/19","E6","Rhamnus cathartica","rhcat",48.2262369977383,96.5572572410598,0.670760802805633,18.6945679862417,38.2077876655736,0.596060426042584
"300","combined_rob_lojap_hmf_3.xlsx","lojap-E39-3","8/12/21","E39","Lonicera japonica","lojap",41.4607665686022,69.2697157803931,0.717516637343549,27.4085211845589,39.0880849070395,0.633849234590874
"301","rgn-aggi-hirose1-1.1 (RCMP).csv","aggig-J6-1","7/9/19","J6","Agrostis gigantea","aggig",152.247531791395,241.177974240704,0.462269036578415,4.48202049828158,5.25658362360304,0.444397294456709
"302","rgn-aggi-hirose3-2 (RCMP).csv","aggig-J8-1","8/19/19","J8","Agrostis gigantea","aggig",63.7428677708224,162.125048110836,1.56804559196397,3.56137788257657,29.9488486853511,0.713840906089921
"303","rgn-aggi-ski1-1.1 (RCMP).csv","aggig-J17-1","7/30/19","J17","Agrostis gigantea","aggig",110.817585781923,154.712918714303,0.456288377210527,5.55518368340143,4.99555526367337,0.426886000798285
"304","rgn-aggi-tohoku-1.1 (RCMP).csv","aggig-J4-1","7/2/19","J4","Agrostis gigantea","aggig",71.3757318340098,128.553989825315,0.801553524920115,4.37542842323254,12.6655846371316,0.592385750889104
"305","rgn-aggi-zao8 (RCMP).csv","aggig-J10-1","8/26/19","J10","Agrostis gigantea","aggig",50.0961623517694,134.99871097273,1.0246452144354,4.11302475813754,35.0657728088267,0.657011556725201
"306","rgn-agst-hirose1-1.1 (RCMP).csv","agsto-J6-1","7/9/19","J6","Agrostis stolonifera","agsto",141.872240680716,239.8749330636,0.875515214392079,5.00705196621168,6.22045962449997,0.616054341088759
"307","rgn-agst-hirose1-2 (RCMP).csv","agsto-J20-1","9/3/19","J20","Agrostis stolonifera","agsto",73.6252004286756,124.453883587485,1.70426705457399,5.0266423878285,6.55497083520041,0.773176631243536
"308","rgn-agst-hirose2-1.1 (RCMP).csv","agsto-J7-1","7/10/19","J7","Agrostis stolonifera","agsto",83.4404613296892,144.418615472327,0.984014255210426,5.16058565053998,8.13349280039136,0.637636798294272
"309","rgn-agst-hirose3-1.1 (RCMP).csv","agsto-J8-1","8/19/19","J8","Agrostis stolonifera","agsto",47.2345495575222,121.614232321831,1.21972648306726,8.57622665204998,39.8154347967898,0.74372700738137
"310","rgn-agst-ski1-1.csv","agsto-J17-1","7/30/19","J17","Agrostis stolonifera","agsto",152.436573482683,195.224463460617,0.220173149752263,5.6692260189117,4.69629955056419,0.266371727226332
"311","rgn-amar-hirose1-1.1 (RCMP).csv","amart-J6-1","7/17/19","J6","Ambrosia artemisiifolia","amart",128.049082457464,185.696549889781,0.52441364345819,5.38534715007909,5.15950416343714,0.469747995574224
"312","rgn-amar-hirose3-1.1 (RCMP).csv","amart-J8-1","8/1/19","J8","Ambrosia artemisiifolia","amart",175.014756543327,244.90773684141,0.192244944267992,6.07546833453551,4.98284349363297,0.241064231320694
"313","rgn-amar-road4-1 (RCMP).csv","amart-J14-1","8/29/19","J14","Ambrosia artemisiifolia","amart",174.476439797889,249.225664095479,0.3709348671763,5.31245382991443,4.82496688081326,0.38347829510081
"314","rgn-amar-ski2-1 (RCMP).csv","amart-J18-1","9/4/19","J18","Ambrosia artemisiifolia","amart",88.8970617299614,166.405062201205,0.544849895002808,4.08976252818912,5.7511830287652,0.486693483103529
"315","rgn-anod-hirose1-1.1 (RCMP).csv","anodo-J6-1","7/17/19","J6","Anthoxanthum odoratum","anodo",78.614744100642,128.676272260045,0.866153642981196,4.66171092376056,5.81338840452391,0.606220091907299
"316","rgn-anod-hirose3-2 (RCMP).csv","anodo-J8-1","8/19/19","J8","Anthoxanthum odoratum","anodo",96.2261872939756,162.028134290161,0.645332776272757,4.6317675229746,5.5912453928883,0.528496990658009
"317","rgn-anod-ski1-1.1 (RCMP).csv","anodo-J17-1","7/30/19","J17","Anthoxanthum odoratum","anodo",109.172482901585,163.270277035446,0.238920990926532,4.32918345200823,5.05468152494951,0.288295338302525
"318","rgn-anod-ski2-1 (RCMP).csv","anodo-J18-1","8/21/19","J18","Anthoxanthum odoratum","anodo",56.4475660937886,111.771917198682,1.04903367906699,4.48983467603445,13.6984815775839,0.652297683431251
"319","rgn-anod-tohoku-1.1 (RCMP).csv","anodo-J4-1","7/2/19","J4","Anthoxanthum odoratum","anodo",55.0521490018779,109.669409317167,0.617753799814262,7.6812436286836,33.1432390879234,0.525675708510236
"320","rgn-bifr-hirose1-1.1 (RCMP).csv","bifro-J6-1","7/9/19","J6","Bidens frondosa","bifro",148.263577096285,188.225657627373,0.378069782175648,9.0718088400713,4.78135888046714,0.383651968509647
"321","rgn-bifr-hirose2-1.1 (RCMP).csv","bifro-J7-1","7/10/19","J7","Bidens frondosa","bifro",109.541148618056,127.30917554951,0.634189211414367,11.8772788605557,4.99524784025717,0.516133194478691
"322","rgn-bifr-hirose3-1.csv","bifro-J8-1","7/29/19","J8","Bidens frondosa","bifro",134.507595597464,187.972483214255,0.23149222664106,6.99343254976678,5.00526739698547,0.284553688252563
"323","rgn-bifr-road2-1.csv","bifro-J12-1","8/21/19","J12","Bidens frondosa","bifro",157.532717059329,208.755030317557,0.3687224554308,6.82602555231359,4.40551894839309,0.381293409162016
"324","rgn-bifr-tohoku-1.1 (RCMP).csv","bifro-J4-1","7/8/19","J4","Bidens frondosa","bifro",135.489650272163,145.066383584967,0.459670317117792,12.8626677229725,4.48153335830018,0.44615769332449
"325","rgn-chal-hirose1-1.csv","chalb-J6-1","7/9/19","J6","Chenopodium album","chalb",84.9906701063588,120.430015336254,0.554577094767496,5.83252134936855,5.06841972221079,0.492631124150233
"326","rgn-chal-hirose1-2 (RCMP).csv","chalb-J20-1","9/3/19","J20","Chenopodium album","chalb",104.026674463918,138.552456755075,0.481276866670914,7.51082388520444,5.19468427101458,0.456699069133267
"327","rgn-chal-hirose2-1.1 (RCMP).csv","chalb-J7-1","7/10/19","J7","Chenopodium album","chalb",72.7745027500882,141.444787751702,0.574946428730494,4.84134000637685,5.60955322956328,0.49791551207216
"328","rgn-chal-hirose3-1.1 (RCMP).csv","chalb-J8-1","7/29/19","J8","Chenopodium album","chalb",71.5036199472892,145.318688043041,0.372672238047236,4.11407382519017,5.11131563473061,0.39886938194007
"329","rgn-cija-ski1-1.1 (RCMP).csv","cijap-J17-1","7/30/19","J17","Cirsium japonicum","cijap",78.1127526649005,170.223891408111,0.385909222283602,3.06978513441858,7.28223608981314,0.383946923025286
"330","rgn-cija-ski2-1 (RCMP).csv","cijap-J18-1","8/21/19","J18","Cirsium japonicum","cijap",73.3667670841385,143.56658465385,1.1867902358701,3.7228083532249,9.63050881577129,0.679883732302011
"331","rgn-cija-tohoku-1.csv","cijap-J4-1","7/8/19","J4","Cirsium japonicum","cijap",117.151811647881,143.282923639802,0.73903269355827,7.17608478431548,5.46005233063797,0.561324109377136
"332","rgn-cija-zao1 (RCMP).csv","cijap-J10-1","9/2/19","J10","Cirsium japonicum","cijap",108.67740603513,150.310712771914,0.531792030054857,5.87870141564774,5.51921494033837,0.464879548220953
"333","rgn-coca-hirose1-1.csv","cocan-J6-1","7/9/19","J6","Conyza canadensis","cocan",110.325007623369,122.739248359322,0.497150877361269,13.8033299815447,4.64304011195719,0.456981299239081
"334","rgn-coca-hirose2-1.1 (RCMP).csv","cocan-J7-1","7/10/19","J7","Conyza canadensis","cocan",114.494201565382,161.818285986723,0.590879666762929,5.38336885753657,4.96572948739599,0.527544265969631
"335","rgn-coca-hirose3-1.1 (RCMP).csv","cocan-J8-1","7/29/19","J8","Conyza canadensis","cocan",109.61732108721,163.541753012168,0.502880719281705,5.29172805624164,5.03274862641406,0.464874429931367
"336","rgn-coca-road1 (RCMP).csv","cocan-J11-1","8/19/19","J11","Conyza canadensis","cocan",115.851326745994,122.112271923169,0.508508467534367,13.5423411261728,4.36846708532127,0.472676255834664
"337","rgn-coca-tohoku-1.1 (RCMP).csv","cocan-J4-1","7/2/19","J4","Conyza canadensis","cocan",96.3519412907087,141.439596591602,0.618379772070916,5.77020666280936,5.42674257667126,0.506665980193228
"338","rgn-crja-hirose3-1.1 (RCMP).csv","cyjap-J8-1","8/1/19","J8","Cryptotaenia japonica","cyjap",29.0563435104531,111.610027644158,0.653167636306476,14.3804686272662,51.6895305590548,0.538576431703666
"339","rgn-eran-hirose1-1.1 (RCMP).csv","erann-J6-1","7/17/19","J6","Erigeron annuus","erann",59.8144533981827,80.7967692768197,0.851467042341446,8.75852545415383,5.21017309109079,0.609339161646517
"340","rgn-eran-road2-1 (RCMP).csv","erann-J12-1","8/21/19","J12","Erigeron annuus","erann",59.5977363578272,80.1068780813188,0.843506649396759,10.2580141169112,7.90241002572888,0.61225893164191
"341","rgn-eran-road3-1 (RCMP).csv","erann-J13-1","8/21/19","J13","Erigeron annuus","erann",73.7687388005499,93.227670442754,0.691848920298022,12.5140700441105,5.28291088654486,0.540505534359241
"342","rgn-eran-ski1-1.csv","erann-J17-1","7/30/19","J17","Erigeron annuus","erann",78.2604803912754,116.593035054573,0.384726236819986,5.54210371472135,5.33189188734972,0.397149252201786
"343","rgn-eran-tohoku-1.1 rcmp.csv","erann-J4-1","7/8/19","J4","Erigeron annuus","erann",100.807476050897,142.71321991131,0.452373904546832,5.16354701350644,4.97580706876094,0.444950729168814
"344","rgn-euch-zao1 (RCMP).csv","eugle-J10-1","8/26/19","J10","Eupatorium glehnii","eugle",92.9463257560146,155.209955996421,0.782484922194595,5.37463152716925,13.1045211740812,0.563242756556801
"345","rgn-eugl-zao2.csv","eugle-J10-2","9/2/19","J10","Eupatorium glehnii","eugle",95.0851441525212,143.149146122432,0.548521134132878,5.97602630612304,7.60774150706609,0.480781470244899
"346","rgn-eugl-zao3.csv","eugle-J10-3","9/2/19","J10","Eupatorium glehnii","eugle",82.6316103067281,104.467408257408,0.568530739711055,8.44931625645739,5.82975301462313,0.495482685918866
"347","rgn-eugl-zao4 (RCMP).csv","eugle-J10-4","9/2/19","J10","Eupatorium glehnii","eugle",111.730894960894,152.077817604939,0.44405389073832,6.06816454578904,5.71460908097496,0.424558644124806
"348","rgn-eugl-zao5 (RCMP).csv","eugle-J10-5","9/2/19","J10","Eupatorium glehnii","eugle",113.421886200078,158.715274896426,0.357269103350043,6.15838120637361,5.76955164571253,0.37494629746359
"349","rgn-euli-ski1-1.csv","eulin-J17-1","7/30/19","J17","Eupatorium lindleyanum","eulin",94.1800400371924,120.865850034124,0.565534964709399,12.2416753044734,4.9198663356782,0.495214255348513
"350","rgn-faja-hirose3-1.csv","fajap-J8-1","7/29/19","J8","Fallopia japonica","fajap",59.0410605666497,113.545691785736,0.694580350828308,6.05276062999813,13.3280158350465,0.545989109748481
"351","rgn-faja-zao1.csv","fajap-J10-1","8/7/19","J10","Fallopia japonica","fajap",80.4749494017205,155.518445656265,0.724644234281041,5.33933089788922,27.4385521529788,0.533297842121881
"352","rgn-faja-zao10.csv","fajap-J10-10","8/26/19","J10","Fallopia japonica","fajap",112.569619385481,167.722179337312,0.530348082612723,5.42130940226344,7.1277998198295,0.461395224217935
"353","rgn-faja-zao11.csv","fajap-J10-11","8/26/19","J10","Fallopia japonica","fajap",103.257568400113,132.440895643772,0.563799978091169,7.84737196397761,6.79041851097445,0.488569940705381
"354","rgn-faja-zao12.csv","fajap-J10-12","9/2/19","J10","Fallopia japonica","fajap",102.907174758094,122.435911616265,0.498291148381665,10.1700366482873,6.77427976407326,0.459454206129662
"355","rgn-faja-zao2.csv","fajap-J10-2","8/7/19","J10","Fallopia japonica","fajap",128.21599176628,174.760740851228,0.389349295906725,6.97102998281684,5.63094231008235,0.408798794375067
"356","rgn-faja-zao3.csv","fajap-J10-3","8/7/19","J10","Fallopia japonica","fajap",75.034690576257,158.345774080317,1.04160020410684,4.29284055438489,28.2778658106397,0.587741661088831
"357","rgn-faja-zao4.csv","fajap-J10-4","8/7/19","J10","Fallopia japonica","fajap",101.734047603786,180.489469172278,1.05593669848705,4.52679947589716,20.6651602930416,0.603238670247732
"358","rgn-faja-zao5.csv","fajap-J10-5","8/7/19","J10","Fallopia japonica","fajap",100.340738211832,168.57040257468,0.605227394610643,5.48019854257214,23.1333130356172,0.491916707657682
"359","rgn-faja-zao6.csv","fajap-J10-6","8/7/19","J10","Fallopia japonica","fajap",150.000136314141,208.673352721041,0.271016116302393,7.13996921897623,7.45963407168772,0.307158824020667
"360","rgn-faja-zao7.csv","fajap-J10-7","8/7/19","J10","Fallopia japonica","fajap",100.198583729266,151.257808250768,0.580486200310087,6.95131323151515,19.2505144420384,0.490655803889345
"361","rgn-faja-zao8.csv","fajap-J10-8","8/26/19","J10","Fallopia japonica","fajap",106.399251788932,132.817981935187,0.570175276217551,8.62660558632591,5.79184910197041,0.487993325118042
"362","rgn-faja-zao9.csv","fajap-J10-9","8/26/19","J10","Fallopia japonica","fajap",75.9973939008826,128.973163526763,0.431117630264594,6.63407831442002,19.425580513603,0.435220420145764
"363","rgn-plas-hirose1-1.csv","plasi-J6-1","7/9/19","J6","Plantago asiatica","plasi",91.619685694091,136.13489818389,0.43889855795756,5.75493604039233,5.18726581428275,0.434926165083648
"364","rgn-plas-hirose2-1.csv","plasi-J7-1","7/10/19","J7","Plantago asiatica","plasi",61.8959241959846,96.8729151062391,0.774850881020779,7.73881206296815,5.87901290073797,0.583035660504793
"365","rgn-plas-hirose3-1.csv","plasi-J8-1","7/29/19","J8","Plantago asiatica","plasi",42.0077669407751,111.354104145663,0.552631856712197,9.47920128342047,33.8522023029555,0.492167062956419
"366","rgn-plas-ski1-1.csv","plasi-J17-1","7/30/19","J17","Plantago asiatica","plasi",80.4909915677487,110.97169243828,0.392044237581409,9.4836818806336,5.07123455127348,0.40938089039256
"367","rgn-plas-tohoku-1.csv","plasi-J4-1","7/8/19","J4","Plantago asiatica","plasi",100.679383051285,115.214897636508,0.525282152532971,8.22706803417883,4.95524056276841,0.46912299005398
"368","rgn-plla-hirose1-1.1 (RCMP).csv","pllan-J6-1","7/9/19","J6","Plantago lanceolata","pllan",140.568494655815,177.803748362988,0.355245050317518,6.77435251519956,4.79603243476969,0.382752374584136
"369","rgn-plla-hirose2-1.csv","pllan-J7-1","7/10/19","J7","Plantago lanceolata","pllan",71.9586566511346,107.376849294475,0.692121293792845,6.01729974781742,6.88800735011482,0.547248519880458
"370","rgn-plla-hirose3-1.csv","pllan-J8-1","7/29/19","J8","Plantago lanceolata","pllan",105.892693223848,163.123773835165,0.528431663008212,5.39017681045785,5.22498951231569,0.47983078087481
"371","rgn-plla-ski1-1.csv","pllan-J17-1","7/30/19","J17","Plantago lanceolata","pllan",97.1062584863748,140.248488553677,0.501959587494938,5.62973828608808,5.10018834746151,0.455893015445478
"372","rgn-plla-tohoku-1.csv","pllan-J4-1","7/8/19","J4","Plantago lanceolata","pllan",81.4258424292449,118.642483186835,0.547423980564464,5.77755891400867,5.07896016127684,0.486694524731663
"373","rgn-sogi-road1 (RCMP).csv","sogig-J11-1","8/19/19","J11","Solidago gigantea","sogig",96.0434895571163,120.533613384863,0.560075991847875,7.24829565644317,5.19775364517432,0.498179282727985
"374","rgn-sogi-road2-1 (RCMP).csv","sogig-J12-1","8/21/19","J12","Solidago gigantea","sogig",106.55264526854,163.052474988655,0.697032087223345,5.46878092757561,5.92142187348807,0.533140591559765
"375","rgn-sogi-road3-1.csv","sogig-J13-1","8/21/19","J13","Solidago gigantea","sogig",84.1484039565254,107.474661467681,0.537104995407097,9.50795461441033,5.21543915117958,0.472800321762739
"376","rgn-sogi-road4-1 (RCMP).csv","sogig-J14-1","8/29/19","J14","Solidago gigantea","sogig",104.25785124286,153.985299177408,0.668223715661803,5.29040933492272,5.17134743394976,0.536217914626321
"377","rgn-sovi-ski2-1 (RCMP).csv","sovir-J18-1","8/21/19","J18","Solidago virgaurea","sovir",49.7929914204274,118.151720579978,0.90848720588172,3.84090139629781,23.7350819447202,0.59895121698864
"378","rgn-sovi-zao1.csv","sovir-J10-1","8/26/19","J10","Solidago virgaurea","sovir",105.838027061993,147.265073894595,0.354914126403058,6.06503154964195,5.85968250278758,0.372013024497721
"379","rgn-sovi-zao2 (RCMP).csv","sovir-J10-2","8/26/19","J10","Solidago virgaurea","sovir",59.8256961685275,89.1698439600403,0.607091293001376,5.98632747082077,8.79146853800229,0.502277515076466
"380","rgn-sovi-zao3 (RCMP).csv","sovir-J10-3","8/26/19","J10","Solidago virgaurea","sovir",78.9082644895061,109.17711916972,0.625419311028317,7.19935863988156,6.28005537373083,0.504160006527849
"381","rgn-sovi-zao4 (RCMP).csv","sovir-J10-4","8/26/19","J10","Solidago virgaurea","sovir",60.4179483709531,98.4739660664104,0.460006008182442,5.78692113760517,16.0084750167918,0.438360760449273
"382","rgn-yoja-hirose3-1.1 (RCMP).csv","yojap-J8-1","8/1/19","J8","Youngia japonica","yojap",63.3323892189703,109.988188624305,0.552989404674009,4.72158908213139,5.82657721267347,0.481116520396873
"383","rgn-yoja-road3-1.csv","yojap-J13-1","8/21/19","J13","Youngia japonica","yojap",89.1037736842516,123.926867650937,0.487099037293116,6.80145671235452,5.2007058595876,0.457114502769266
"384","rgn-yoja-tohoku-1.1 (RCMP).csv","yojap-J4-1","8/22/19","J4","Youngia japonica","yojap",33.6141253092449,114.95273081428,0.72993385997395,3.05870111074631,34.3972212047897,0.531718898719344
"385","rgn-yoja-tohokuag2-1 (RCMP).csv","yojap-J4-2","8/22/19","J4","Youngia japonica","yojap",52.7121077838694,79.2414885619374,0.801765212519398,8.00568297035621,10.3343787321974,0.582342018855787
"386","rob-amart-bmorewoods_.xlsx","amart-E33-1","9/13/21","E33","Ambrosia artemisiifolia","amart",82.8597287417684,154.233818625806,0.837719450055399,6.15816738633638,5.37593276643823,0.610550259143581
"387","rob-bifro-bmorewoods_.xlsx","bifro-E33-1","9/13/21","E33","Bidens frondosa","bifro",113.069266024012,219.02985128113,0.638670333592954,4.25431526326489,5.53616327297574,0.532169288160142
"388","rob-brewerton-cocan1_1.xlsx","cocan-E34-1","8/27/21","E34","Conyza canadensis","cocan",76.80532589623,186.680708036984,1.43933289274421,3.31702691889533,19.2895937144446,0.718035033807304
"389","rob-brewerton-qurub1_.xlsx","qurub-E34-1","8/27/21","E34","Quercus rubra","qurub",76.201614665066,70.0799277442205,0.676784146485205,29.3402639663033,20.5957177944762,0.603434179548725
"390","rob-clay_railroad-coca1_.xlsx","cocan-E35-1","8/29/21","E35","Conyza canadensis","cocan",80.9639139572397,157.768268803153,1.02287109274311,4.34481340089269,5.41741784708863,0.641609419570905
"391","rob-clay_roadside-coca1_.xlsx","cocan-E36-1","8/29/21","E36","Conyza canadensis","cocan",87.8301912283056,178.253152728937,1.83864118949289,4.21738157485003,5.66611568358505,0.762394794313197
"392","rob-clay_threeriver-cocan1_.xlsx","cocan-E32-1","8/29/21","E32","Conyza canadensis","cocan",78.6303221384582,162.169853254781,0.033231450206062,3.15290920296165,3.36969724470451,0.0486801166521196
"393","rob-HW-qurub-1_.xlsx","qurub-E40-1","8/13/21","E40","Quercus rubra","qurub",73.7506017364901,55.6839299265462,0.709216919234567,31.948393198606,21.8640296037307,0.608786377380234
"394","rob-hw-qurub-2_.xlsx","qurub-E40-2","8/14/21","E40","Quercus rubra","qurub",74.6493962341546,58.3253598368066,0.700964944528034,31.1220480098693,21.1044818934675,0.61161083470731
"395","rob-HW-vidil-1_.xlsx","vidil-E40-1","8/13/21","E40","Viburnum dilatatum","vidil",53.1014049267632,63.6052305687472,0.695121833784285,26.3534063905815,28.9779371690054,0.611984289342984
"396","rob-HW-vidil-2_.xlsx","vidil-E40-2","8/13/21","E40","Viburnum dilatatum","vidil",65.981496335676,87.5416825564518,0.634541823009643,20.996718535388,21.7239598790615,0.577625764363134
"397","rob-HW-vidil-3_.xlsx","vidil-E40-3","8/13/21","E40","Viburnum dilatatum","vidil",58.4194270237258,74.2061281723888,0.665696683663122,23.9298740264579,25.0914009070256,0.589306378828425
"398","rob-hw-vidil-4_.xlsx","vidil-E40-4","8/14/21","E40","Viburnum dilatatum","vidil",56.5151761173392,72.4165807386617,0.694963522959229,23.9507329729583,25.8614794472524,0.603857073016331
"399","rob-hw-vidil-5_.xlsx","vidil-E40-5","8/14/21","E40","Viburnum dilatatum","vidil",59.5411032698332,76.6142095155039,0.659237812675962,23.0984674565631,23.703869587788,0.57237619062288
"400","rob-lojap-hmf-1_.xlsx","lojap-E39-1","8/12/21","E39","Lonicera japonica","lojap",59.9137344172935,91.8810346429405,0.662245852132957,20.2995209640442,27.2860634396197,0.571699214856354
"401","rob-lojap-hmf-2_.xlsx","lojap-E39-2","8/12/21","E39","Lonicera japonica","lojap",54.8660138891292,84.3457060837266,0.660789213266272,22.6334008507478,31.5398420693799,0.602514482276761
"402","rob-lojap-hmf-4_.xlsx","lojap-E39-4","8/12/21","E39","Lonicera japonica","lojap",57.0594088363483,89.7086315777202,0.658716782106783,20.9687567630103,28.2142575263147,0.594786248923305
"403","rob-lojap-hmf-5_.xlsx","lojap-E39-5","8/12/21","E39","Lonicera japonica","lojap",47.3685296074995,77.0614553064386,0.682801880029672,25.185856253264,35.7760304203982,0.612236340534992
"404","rob-longbranch-cocan1_.xlsx","cocan-E41-1","8/26/21","E41","Conyza canadensis","cocan",52.557602473011,105.669163830228,1.26667146471464,5.3504198599913,9.54034408002675,0.726071234571763
"405","rob-longbranch-qurub-1_.xlsx","qurub-E41-1","8/26/21","E41","Quercus rubra","qurub",75.1074176649214,69.9253123686017,0.676190917958423,28.8396842503635,25.7013881565477,0.594790824108305
"406","rob-pravi-greenlakes-1_.xlsx","pravi-E38-1","9/2/21","E38","Prunus avium","pravi",55.3808771757058,96.9394709596194,0.67473322504028,21.266916896361,34.9981377781919,0.604138338359946
"407","rob-pravi-greenlakes-2_.xlsx","pravi-E38-2","9/11/21","E38","Prunus avium","pravi",61.9997398386117,103.436281697557,0.675157649491555,19.6332195368724,30.3804572777493,0.592018139589141
"408","rob-whiskey-qurub_.xlsx","qurub-E42-1","8/26/21","E42","Quercus rubra","qurub",76.7341165901556,70.828540775629,0.654112720928643,28.8250147399685,19.9654677405744,0.606711426312205
