"","region","species","ID","Vcmax","Jmax","Rd","Vcmax_SE","Jmax_SE","Rd_SE","ID","sppcode","Date","invader","homeaway","woody","grass","family","nativerange"
"1","E","Acer negundo","acneg-E10-1",50.8206956055668,75.3641104423682,0.454863321380031,1.39499941900537,NA,0.17953206692737,"acneg-E10-1","acneg",2019-07-09,"invader","home",1,0,"Sapindaceae","E"
"2","E","Acer negundo","acneg-E11-1",43.1927389620169,35.1701324191641,-5.33985534770783,46.9141723478326,NA,4.14438819692335,"acneg-E11-1","acneg",2019-07-15,"invader","home",1,0,"Sapindaceae","E"
"3","E","Acer negundo","acneg-E17-1",87.160726562366,104.978438403785,0.974083611128939,2.2574242655552,NA,0.189242561220461,"acneg-E17-1","acneg",2020-06-18,"invader","home",1,0,"Sapindaceae","E"
"4","E","Acer negundo","acneg-E19-1",112.639987785682,101.030029333961,1.67028887380257,11.4323947790941,NA,0.728593554800868,"acneg-E19-1","acneg",2020-07-07,"invader","home",1,0,"Sapindaceae","E"
"5","E","Acer negundo","acneg-E20-1",76.0009512520419,99.0858947339928,0.349289846248701,2.20444018673738,NA,0.293563976485951,"acneg-E20-1","acneg",2020-07-22,"invader","home",1,0,"Sapindaceae","E"
"6","E","Acer negundo","acneg-E4-1",53.9262267927296,78.4163293832337,0.687076170467545,2.66039570725841,NA,0.304655674881426,"acneg-E4-1","acneg",2020-06-23,"invader","home",1,0,"Sapindaceae","E"
"7","E","Acer negundo","acneg-E5-1",94.8915851187281,99.3329965463278,1.48747412093467,18.6447519992424,NA,1.64086599976501,"acneg-E5-1","acneg",2019-06-26,"invader","home",1,0,"Sapindaceae","E"
"8","E","Acer negundo","acneg-E5-2",92.3420382747096,129.148643620729,1.61035363659839,2.4264407294074,NA,0.272957301247406,"acneg-E5-2","acneg",2020-07-02,"invader","home",1,0,"Sapindaceae","E"
"9","E","Acer negundo","acneg-E7-1",62.176578431929,60.3121225295804,-0.0262849672645047,18.4695901119018,NA,2.00118903365532,"acneg-E7-1","acneg",2019-06-27,"invader","home",1,0,"Sapindaceae","E"
"10","E","Acer negundo","acneg-E7-2",89.5431706661035,108.080493190335,0.513817560802069,7.90676704850495,NA,0.330476493825699,"acneg-E7-2","acneg",2020-08-06,"invader","home",1,0,"Sapindaceae","E"
"11","E","Ambrosia artemisiifolia","amart-E19-1",192.102158133487,384.905766179945,-0.867008001998185,8.42913891652463,NA,1.00616757305753,"amart-E19-1","amart",2020-07-07,"invader","home",0,0,"Asteraceae","E"
"12","E","Ambrosia artemisiifolia","amart-E33-1",122.539232196958,171.17214919624,-0.390380714654129,3.95396122165969,NA,0.500677564534852,"amart-E33-1","amart",2021-09-13,"invader","home",0,0,"Asteraceae","E"
"13","E","Ambrosia artemisiifolia","amart-E37-1",92.606218064847,143.486692384909,-0.429452083528647,2.08908799143845,NA,0.25690611794543,"amart-E37-1","amart",2021-09-17,"invader","home",0,0,"Asteraceae","E"
"14","E","Ambrosia artemisiifolia","amart-E5-1",204.306854989571,455.883335417764,-0.391457983670351,5.03290502373177,NA,0.571064360558359,"amart-E5-1","amart",2020-07-15,"invader","home",0,0,"Asteraceae","E"
"15","E","Artemisia vulgaris","arvul-E15-1",167.055301762001,208.050477453548,1.08710399643768,1.85719452608649,NA,0.147014687627328,"arvul-E15-1","arvul",2020-06-19,"invader","away",0,0,"Asteraceae","F"
"16","E","Artemisia vulgaris","arvul-E17-1",116.724254164248,158.458116795138,0.842077111480325,3.89245202591998,NA,0.351786439127982,"arvul-E17-1","arvul",2020-06-18,"invader","away",0,0,"Asteraceae","F"
"17","E","Artemisia vulgaris","arvul-E19-1",303.433541775868,214.964574694001,2.49905831329881,65.5979696016975,NA,1.16042412636665,"arvul-E19-1","arvul",2020-07-07,"invader","away",0,0,"Asteraceae","F"
"18","E","Artemisia vulgaris","arvul-E5-1",105.186471013426,164.212741125367,0.537846992389851,3.40237424973491,NA,0.44139678547618,"arvul-E5-1","arvul",2020-07-15,"invader","away",0,0,"Asteraceae","F"
"19","E","Bidens frondosa","bifro-E27-1",138.730108577998,188.053628635787,-0.205271693781837,3.15079339414889,NA,0.16643157282879,"bifro-E27-1","bifro",2021-08-06,"invader","home",0,0,"Asteraceae","E"
"20","E","Bidens frondosa","bifro-E33-1",170.085932729561,272.257079042459,-1.01536711554224,4.80902772459623,NA,0.577477801669896,"bifro-E33-1","bifro",2021-09-13,"invader","home",0,0,"Asteraceae","E"
"21","E","Bidens frondosa","bifro-E37-1",85.2593519909121,202.025584348331,1.63058536189651,2.98416336351625,NA,0.595469011933109,"bifro-E37-1","bifro",2021-09-13,"invader","home",0,0,"Asteraceae","E"
"22","E","Celastrus orbiculatus","ceorb-E10-1",58.5824419134135,90.8379082133207,0.280846063032053,2.03416479589664,NA,0.317908881213954,"ceorb-E10-1","ceorb",2019-07-09,"invader","away",1,0,"Celastraceae","J"
"23","E","Celastrus orbiculatus","ceorb-E2-1",59.7448932526007,94.2951283294683,1.12754052246343,3.35402155147966,NA,0.446205446229792,"ceorb-E2-1","ceorb",2019-07-24,"invader","away",1,0,"Celastraceae","J"
"24","E","Celastrus orbiculatus","ceorb-E3-1",35.5200181232822,49.9496191418094,0.428389402575007,0.679997297784866,NA,0.106156461821098,"ceorb-E3-1","ceorb",2019-07-25,"invader","away",1,0,"Celastraceae","J"
"25","E","Celastrus orbiculatus","ceorb-E4-1",48.1939537087235,65.417734150018,0.561565835754866,1.74736830885065,NA,0.210614511557677,"ceorb-E4-1","ceorb",2019-07-26,"invader","away",1,0,"Celastraceae","J"
"26","E","Celastrus orbiculatus","ceorb-E6-1",64.6017719930488,72.1319953442177,0.550954686111796,12.9083430528337,NA,1.67899520556911,"ceorb-E6-1","ceorb",2019-06-25,"invader","away",1,0,"Celastraceae","J"
"27","E","Celastrus scandens","cesca-E10-1",74.6077769980836,125.959963934128,0.411650395940373,1.97796912874755,NA,0.26071424740513,"cesca-E10-1","cesca",2019-07-09,"native","home",1,0,"Celastraceae","E"
"28","E","Conyza canadensis","cocan-E32-1",96.7864856606652,134.704412391348,-10.0308592140473,42.9703644298222,NA,7.99214937948813,"cocan-E32-1","cocan",2021-08-29,"invader","home",0,0,"Asteraceae","E"
"29","E","Conyza canadensis","cocan-E34-1",132.945536400421,211.267811387578,2.50138201192368,8.7870021866663,NA,1.05380307981931,"cocan-E34-1","cocan",2021-08-27,"invader","home",0,0,"Asteraceae","E"
"30","E","Conyza canadensis","cocan-E35-1",130.642286626527,183.301253810918,0.690912155783459,4.05283592298312,NA,0.48809891913057,"cocan-E35-1","cocan",2021-08-29,"invader","home",0,0,"Asteraceae","E"
"31","E","Conyza canadensis","cocan-E36-1",153.249784133397,230.49620249233,3.67888424523008,5.01695262017044,NA,0.680934046690704,"cocan-E36-1","cocan",2021-08-29,"invader","home",0,0,"Asteraceae","E"
"32","E","Conyza canadensis","cocan-E41-1",83.6608464700678,116.480356101512,1.56463053589159,2.54943034911185,NA,0.379895223278245,"cocan-E41-1","cocan",2021-08-26,"invader","home",0,0,"Asteraceae","E"
"33","E","Conyza canadensis","cocan-E5-1",93.199334004418,122.069157337439,0.279417035786819,1.98507961536067,NA,0.245197392873156,"cocan-E5-1","cocan",2020-07-15,"invader","home",0,0,"Asteraceae","E"
"34","E","Dactylis glomerata","daglo-E15-1",82.7580093819678,155.800904517252,-0.0856788802623306,4.2772266800942,NA,0.666198575556948,"daglo-E15-1","daglo",2020-06-19,"native","away",0,1,"Poaceae","F"
"35","E","Erigeron annuus","erann-E10-1",65.6324055636904,96.1778548356896,2.17644328461545,8.08857477618792,NA,1.05748275473542,"erann-E10-1","erann",2021-06-27,"invader","home",0,0,"Asteraceae","E"
"36","E","Erigeron annuus","erann-E19-1",46.8496959378426,63.2105575448267,0.456139946859943,1.00900276426377,NA,0.14815996452156,"erann-E19-1","erann",2021-06-27,"invader","home",0,0,"Asteraceae","E"
"37","E","Erigeron annuus","erann-E4-1",78.2099718787517,108.788791924945,1.12486146355562,3.03827975970114,NA,0.333112748194173,"erann-E4-1","erann",2020-06-23,"invader","home",0,0,"Asteraceae","E"
"38","E","Erigeron annuus","erann-E5-1",68.6267617524554,85.5337904975158,0.972402915233241,2.1024818616877,NA,0.220246245065664,"erann-E5-1","erann",2020-07-02,"invader","home",0,0,"Asteraceae","E"
"39","E","Euonymus alatus","euala-E1-1",33.2262569779888,55.6932339862872,1.09196206211845,2.11029386307033,NA,0.254434148530661,"euala-E1-1","euala",2019-07-23,"invader","away",1,0,"Celastraceae","J"
"40","E","Euonymus alatus","euala-E2-1",37.6130674112582,52.6724078575833,0.438253383087744,1.05723243504426,NA,0.138092589226047,"euala-E2-1","euala",2019-07-24,"invader","away",1,0,"Celastraceae","J"
"41","E","Euonymus alatus","euala-E3-1",56.0507448059071,89.6573334785661,0.577984431742901,1.52737441946754,NA,0.19200127796695,"euala-E3-1","euala",2019-07-25,"invader","away",1,0,"Celastraceae","J"
"42","E","Euonymus alatus","euala-E8-1",60.2640871736229,86.1609938847296,-0.160124931552305,4.71958065086741,NA,0.569658411628448,"euala-E8-1","euala",2019-07-30,"invader","away",1,0,"Celastraceae","J"
"43","E","Fallopia japonica","fajap-E10-1",123.8835887424,190.638836837678,-0.733518178094762,5.88295006023441,NA,0.581541306413881,"fajap-E10-1","fajap",2019-08-08,"invader","away",0,0,"Polygonaceae","J"
"44","E","Fallopia japonica","fajap-E11-1",139.477389612503,178.496371344495,0.153584053845024,14.6563045287679,NA,1.32097149673484,"fajap-E11-1","fajap",2019-08-19,"invader","away",0,0,"Polygonaceae","J"
"45","E","Fallopia japonica","fajap-E13-1",256.868863378635,204.938379649676,-2.82162592133872,117.338985633385,NA,3.02607182718171,"fajap-E13-1","fajap",2019-08-19,"invader","away",0,0,"Polygonaceae","J"
"46","E","Fallopia japonica","fajap-E15-1",70.9790366275762,115.744958790653,-0.0315858092655639,1.49466788238219,NA,0.2170549368278,"fajap-E15-1","fajap",2019-09-26,"invader","away",0,0,"Polygonaceae","J"
"47","E","Fallopia japonica","fajap-E16-1",75.3273814029701,124.366319578434,1.27391979403216,8.16135071009308,NA,1.24192954778289,"fajap-E16-1","fajap",2019-09-26,"invader","away",0,0,"Polygonaceae","J"
"48","E","Fallopia japonica","fajap-E3-1",120.681089456279,195.728207158992,-1.31346617497845,7.65738642686056,NA,0.86712731083553,"fajap-E3-1","fajap",2019-07-04,"invader","away",0,0,"Polygonaceae","J"
"49","E","Fallopia japonica","fajap-E4-1",129.699867653559,218.859570221939,0.35505121558315,17.0570229984405,NA,1.52937550145531,"fajap-E4-1","fajap",2019-07-29,"invader","away",0,0,"Polygonaceae","J"
"50","E","Fallopia japonica","fajap-E43-1",142.652872599159,216.07676045683,-0.57409299207543,9.95140505936375,NA,0.974953521053415,"fajap-E43-1","fajap",2019-07-04,"invader","away",0,0,"Polygonaceae","J"
"51","E","Fallopia japonica","fajap-E44-1",149.883596444212,177.14500752248,-0.165457774955583,5.18784300704885,NA,0.358351122058837,"fajap-E44-1","fajap",2019-07-04,"invader","away",0,0,"Polygonaceae","J"
"52","E","Fallopia japonica","fajap-E5-1",157.505331812295,183.014709916349,0.694972749660885,3.74253801760739,NA,0.241258817657115,"fajap-E5-1","fajap",2019-07-29,"invader","away",0,0,"Polygonaceae","J"
"53","E","Fallopia japonica","fajap-E6-1",122.778645556947,213.01726711624,-0.311311026201742,4.89886013564211,NA,0.525311134989064,"fajap-E6-1","fajap",2019-07-29,"invader","away",0,0,"Polygonaceae","J"
"54","E","Fallopia japonica","fajap-E8-1",78.3167222380167,127.860957738451,0.178092699099036,2.43994159327024,NA,0.330830817065292,"fajap-E8-1","fajap",2019-08-02,"invader","away",0,0,"Polygonaceae","J"
"55","E","Fallopia japonica","fajap-E9-1",85.1451438927979,112.833617341919,-0.204984691135601,3.2769052833881,NA,0.340351521789569,"fajap-E9-1","fajap",2019-08-02,"invader","away",0,0,"Polygonaceae","J"
"56","E","Leucanthemum vulgaris","levul-E14-1",45.2593309422355,66.0640994684242,1.57296846063587,2.82416667557883,NA,0.369295887668205,"levul-E14-1","levul",2020-06-04,"invader","away",0,0,"Asteraceae","F"
"57","E","Leucanthemum vulgaris","levul-E21-1",58.2493918709622,73.836863781177,1.63948113099404,3.41439729289529,NA,0.368395659853897,"levul-E21-1","levul",2021-06-27,"invader","away",0,0,"Asteraceae","F"
"58","E","Leucanthemum vulgaris","levul-E22-1",38.838277080576,57.9150654321281,0.84996713814203,1.10843457169558,NA,0.16332922894582,"levul-E22-1","levul",2021-06-27,"invader","away",0,0,"Asteraceae","F"
"59","E","Leucanthemum vulgaris","levul-E4-1",151.295579451875,249.385132380819,0.0765546740302665,10.590289354683,NA,1.23483226148099,"levul-E4-1","levul",2020-06-23,"invader","away",0,0,"Asteraceae","F"
"60","E","Leucanthemum vulgaris","levul-E5-1",32.8538399880464,59.8398968993593,1.65796079879777,8.16810746754499,NA,1.48318014884602,"levul-E5-1","levul",2020-07-02,"invader","away",0,0,"Asteraceae","F"
"61","E","Lindera benzoin","liben-E10-1",63.432904968111,99.7582755074822,0.394426496291887,0.990442803899122,NA,0.142634235267754,"liben-E10-1","liben",2019-07-09,"native","home",1,0,"Lauraceae","E"
"62","E","Lindera benzoin","liben-E2-1",34.5463335002982,44.7676267699125,0.519211728868752,2.20238576928592,NA,0.340097972186461,"liben-E2-1","liben",2019-07-24,"native","home",1,0,"Lauraceae","E"
"63","E","Lindera benzoin","liben-E3-1",-3.57700299087939,7.76439043918401,-6.90422685673927,11.5640729181662,NA,2.01605584511119,"liben-E3-1","liben",2019-07-08,"native","home",1,0,"Lauraceae","E"
"64","E","Lindera benzoin","liben-E3-2",48.3087488092273,65.380619564242,0.482511021380765,0.929576419158993,NA,0.106572042980104,"liben-E3-2","liben",2019-07-25,"native","home",1,0,"Lauraceae","E"
"65","E","Lindera benzoin","liben-E4-1",35.6741400929279,50.2295553405639,0.389926901508801,1.22874003307129,NA,0.169097371451372,"liben-E4-1","liben",2019-07-03,"native","home",1,0,"Lauraceae","E"
"66","E","Lonicera canadensis","locan-E12-1",29.1175165332918,44.1302077739517,0.590644445927379,0.717022810330818,NA,0.0918177114722273,"locan-E12-1","locan",2019-08-06,"native","home",1,0,"Caprifoliaceae","E"
"67","E","Lonicera canadensis","locan-E12-2",22.6535717298656,40.7905857843672,0.0298993020003222,2.57849838518879,NA,0.380671664453471,"locan-E12-2","locan",2019-08-06,"native","home",1,0,"Caprifoliaceae","E"
"68","E","Lonicera canadensis","locan-E2-2",22.3465613014653,37.2622762097903,0.257254546785151,0.613629078136488,NA,0.100531178858295,"locan-E2-2","locan",2019-07-30,"native","home",1,0,"Caprifoliaceae","E"
"69","E","Lonicera canadensis","locan-E3-1",21.6968088914892,36.8097516044092,0.465299240681528,0.696665685738063,NA,0.108650531589035,"locan-E3-1","locan",2019-07-16,"native","home",1,0,"Caprifoliaceae","E"
"70","E","Lonicera japonica","lojap-E39-1",66.613886693319,106.057694916827,-0.00591277527206003,2.19096571055638,NA,0.329074598270059,"lojap-E39-1","lojap",2021-08-12,"invader","away",1,0,"Caprifoliaceae","J"
"71","E","Lonicera japonica","lojap-E39-2",59.3718683914591,86.0407560651301,0.479292731193066,1.65326543662618,NA,0.218837278855305,"lojap-E39-2","lojap",2021-08-12,"invader","away",1,0,"Caprifoliaceae","J"
"72","E","Lonicera japonica","lojap-E39-3",24.2622736384787,53.6932181689384,0.113171551440278,1.72431019775668,NA,0.373229705624224,"lojap-E39-3","lojap",2021-08-12,"invader","away",1,0,"Caprifoliaceae","J"
"73","E","Lonicera japonica","lojap-E39-4",67.4022498074236,76.3640355750117,0.746103276383239,2.36314958425541,NA,0.247417130530622,"lojap-E39-4","lojap",2021-08-12,"invader","away",1,0,"Caprifoliaceae","J"
"74","E","Lonicera japonica","lojap-E39-5",44.9371747858985,66.5958650985172,0.676717262589853,1.4373368509066,NA,0.21550581444659,"lojap-E39-5","lojap",2021-08-12,"invader","away",1,0,"Caprifoliaceae","J"
"75","E","Lonicera morrowii","lomor-E10-1",54.0704735136247,73.2389661125193,0.136316611205373,2.00417024060477,NA,0.266501776314711,"lomor-E10-1","lomor",2019-07-09,"invader","away",1,0,"Caprifoliaceae","J"
"76","E","Lonicera morrowii","lomor-E11-1",42.3459684317744,61.3511928855224,0.206996001929877,1.03135581255656,NA,0.136072412277657,"lomor-E11-1","lomor",2019-07-18,"invader","away",1,0,"Caprifoliaceae","J"
"77","E","Lonicera morrowii","lomor-E27-1",97.0074527780603,132.85364069016,-0.109040197797286,3.36180632229721,NA,0.400326433422345,"lomor-E27-1","lomor",2021-08-09,"invader","away",1,0,"Caprifoliaceae","J"
"78","E","Lonicera morrowii","lomor-E28-1",122.486294692901,202.205269004047,0.463248171520806,7.0726142199091,NA,0.715637230751303,"lomor-E28-1","lomor",2021-08-09,"invader","away",1,0,"Caprifoliaceae","J"
"79","E","Lonicera morrowii","lomor-E5-1",83.1321485503817,94.1772574608281,0.416912179110931,1.63901386193,NA,0.169811255698568,"lomor-E5-1","lomor",2019-07-10,"invader","away",1,0,"Caprifoliaceae","J"
"80","E","Parthenocissus sp.","paspp-E1-1",58.8428031129002,56.9581528247929,-0.863239245723652,20.779309049366,NA,2.14469931563069,"paspp-E1-1","paspp",2019-07-02,"invader","home",1,0,"Vitaceae","E"
"81","E","Parthenocissus sp.","paspp-E4-1",30.9491467700303,41.1682628959835,0.213254386167141,0.859737825058333,NA,0.114289858381125,"paspp-E4-1","paspp",2019-07-03,"invader","home",1,0,"Vitaceae","E"
"82","E","Parthenocissus sp.","paspp-E5-1",40.0952915647853,41.374031786315,0.0126394386805208,11.1318651951618,NA,1.41463625867661,"paspp-E5-1","paspp",2019-06-26,"invader","home",1,0,"Vitaceae","E"
"83","E","Parthenocissus sp.","paspp-E6-1",32.1873905414913,36.3603025319814,0.436662465190626,4.54159659821606,NA,0.425637944422453,"paspp-E6-1","paspp",2019-06-25,"invader","home",1,0,"Vitaceae","E"
"84","E","Parthenocissus sp.","paspp-E7-1",59.3441307613761,66.6571526564632,0.512420582587161,7.37909576337695,NA,0.961041170429382,"paspp-E7-1","paspp",2019-06-27,"invader","home",1,0,"Vitaceae","E"
"85","E","Plantago lanceolata","pllan-E15-1",75.3425241724865,118.133566975227,0.757770453218045,2.76733412841897,NA,0.372848780939874,"pllan-E15-1","pllan",2020-06-22,"invader","away",0,0,"Plantaginaceae","F"
"86","E","Plantago lanceolata","pllan-E17-1",104.017018738941,166.677409353541,1.0991607226195,3.62732680033281,NA,0.453912217564241,"pllan-E17-1","pllan",2020-06-10,"invader","away",0,0,"Plantaginaceae","F"
"87","E","Prunus avium","pravi-E1-1",51.7855848393945,71.4635015244725,0.400930705851336,1.26944942213147,NA,0.183597835886765,"pravi-E1-1","pravi",2019-07-01,"invader","away",1,0,"Rosaceae","F"
"88","E","Prunus avium","pravi-E38-1",49.2632363599073,70.3228339046104,0.394814439036022,2.57735295705797,NA,0.174046614789824,"pravi-E38-1","pravi",2021-09-02,"invader","away",1,0,"Rosaceae","F"
"89","E","Prunus avium","pravi-E38-2",66.2990241718083,106.485486813244,0.264658128941685,4.33965523106519,NA,0.675485472010607,"pravi-E38-2","pravi",2021-09-11,"invader","away",1,0,"Rosaceae","F"
"90","E","Prunus serotina","prser-E1-1",29.0184523155193,42.6691296597785,-2.61157145889079,13.351772051796,NA,1.33432792198186,"prser-E1-1","prser",2019-07-01,"invader","home",1,0,"Rosaceae","E"
"91","E","Prunus serotina","prser-E11-1",69.6652905944758,56.616980135516,0.411306615949311,16.5032422186277,NA,1.01469697684309,"prser-E11-1","prser",2019-07-15,"invader","home",1,0,"Rosaceae","E"
"92","E","Prunus serotina","prser-E3-1",72.5434928406707,88.394118532147,0.388865859978918,4.95530539651522,NA,0.500693876153776,"prser-E3-1","prser",2019-07-16,"invader","home",1,0,"Rosaceae","E"
"93","E","Prunus serotina","prser-E5-1",40.7069644745583,62.1263013366559,0.419530613711612,2.8932930490066,NA,0.392911691733246,"prser-E5-1","prser",2019-07-10,"invader","home",1,0,"Rosaceae","E"
"94","E","Prunus serotina","prser-E7-1",57.0804934795502,50.436129208085,-0.461444638754583,23.0191289639849,NA,2.06606282894684,"prser-E7-1","prser",2019-06-27,"invader","home",1,0,"Rosaceae","E"
"95","E","Quercus rubra","qurub-E34-1",57.2157971054082,81.0045371547436,0.299055858043802,1.3931256926507,NA,0.190222229298032,"qurub-E34-1","qurub",2021-08-27,"invader","home",1,0,"Fagaceae","E"
"96","E","Quercus rubra","qurub-E40-1",44.411631113637,64.1230489954328,0.636031364543266,0.635117000865899,NA,0.0870424665125701,"qurub-E40-1","qurub",2021-08-13,"invader","home",1,0,"Fagaceae","E"
"97","E","Quercus rubra","qurub-E40-2",47.5704494604618,59.7306361259153,0.609291284664018,0.764051685334145,NA,0.105667413597356,"qurub-E40-2","qurub",2021-08-14,"invader","home",1,0,"Fagaceae","E"
"98","E","Quercus rubra","qurub-E41-1",65.6392153789828,88.3295954541157,0.691661174410133,2.97781913046516,NA,0.294068207082777,"qurub-E41-1","qurub",2021-08-26,"invader","home",1,0,"Fagaceae","E"
"99","E","Quercus rubra","qurub-E42-1",63.0672072564012,86.0446551605995,0.934643993311174,2.02246769499378,NA,0.266992411940036,"qurub-E42-1","qurub",2021-08-26,"invader","home",1,0,"Fagaceae","E"
"100","E","Rhamnus cathartica","rhcat-E4-1",57.3787620261739,87.0413718013681,0.000888469597963675,2.48702470181166,NA,0.336586847124904,"rhcat-E4-1","rhcat",2019-07-26,"invader","away",1,0,"Rhamnaceae","F"
"101","E","Rhamnus cathartica","rhcat-E5-1",24.5232502645063,49.3400479227031,-0.522767249446879,7.86021017951947,NA,1.48675671025662,"rhcat-E5-1","rhcat",2019-07-10,"invader","away",1,0,"Rhamnaceae","F"
"102","E","Rhamnus cathartica","rhcat-E5-2",57.622034731126,60.5121521649395,0.123653209811365,11.1152066401556,NA,1.43809090430927,"rhcat-E5-2","rhcat",2019-06-26,"invader","away",1,0,"Rhamnaceae","F"
"103","E","Rhamnus cathartica","rhcat-E6-1",55.8695530049961,75.0038260330549,0.179050162347701,1.96207852948237,NA,0.239117585973926,"rhcat-E6-1","rhcat",2019-07-18,"invader","away",1,0,"Rhamnaceae","F"
"104","E","Rhamnus cathartica","rhcat-E8-1",45.6410485472189,65.7047387334518,-0.200617593341694,4.03202015456492,NA,0.58300928010434,"rhcat-E8-1","rhcat",2019-07-30,"invader","away",1,0,"Rhamnaceae","F"
"105","E","Robinia pseudo-acacia","ropse-E1-1",78.3850185980638,97.1879009596112,0.658848605316759,5.5551826478142,NA,0.785595685688166,"ropse-E1-1","ropse",2019-07-02,"invader","home",1,0,"Fabaceae","E"
"106","E","Robinia pseudo-acacia","ropse-E15-1",122.932468419249,105.233488093791,0.466209842997804,18.9032779697226,NA,1.14513364289736,"ropse-E15-1","ropse",2020-06-22,"invader","home",1,0,"Fabaceae","E"
"107","E","Robinia pseudo-acacia","ropse-E17-1",118.581289525345,112.78538931568,1.06681652665494,2.96101320710032,NA,0.206302444530582,"ropse-E17-1","ropse",2020-06-18,"invader","home",1,0,"Fabaceae","E"
"108","E","Robinia pseudo-acacia","ropse-E20-1",108.857916333535,152.244927283168,0.232734884547896,4.69767733725398,NA,0.507854949018758,"ropse-E20-1","ropse",2020-07-22,"invader","home",1,0,"Fabaceae","E"
"109","E","Robinia pseudo-acacia","ropse-E4-1",47.6151312241403,73.4233140894396,0.267062934521751,1.33315809723643,NA,0.194795983787691,"ropse-E4-1","ropse",2019-07-26,"invader","home",1,0,"Fabaceae","E"
"110","E","Robinia pseudo-acacia","ropse-E5-1",40.8088123420173,46.0503268547151,0.288762092610275,1.13488840500393,NA,0.113366167982082,"ropse-E5-1","ropse",2019-06-26,"invader","home",1,0,"Fabaceae","E"
"111","E","Robinia pseudo-acacia","ropse-E5-2",132.116508159318,287.596048220047,0.89978966436121,5.09194656542122,NA,0.632426997694544,"ropse-E5-2","ropse",2020-07-02,"invader","home",1,0,"Fabaceae","E"
"112","E","Robinia pseudo-acacia","ropse-E7-1",42.8222179688864,63.0884828540849,0.264266491891209,3.10852355662403,NA,0.490934230750108,"ropse-E7-1","ropse",2020-08-08,"invader","home",1,0,"Fabaceae","E"
"113","E","Rosa multiflora","romul-E1-1",61.84150421357,65.5609156247216,0.855182239888262,16.5919857344934,NA,1.40964994765133,"romul-E1-1","romul",2019-07-01,"invader","away",1,0,"Rosaceae","J"
"114","E","Rosa multiflora","romul-E1-2",45.6534307510014,63.4143146937047,0.374016906323316,1.25631754466464,NA,0.187209498030362,"romul-E1-2","romul",2019-07-23,"invader","away",1,0,"Rosaceae","J"
"115","E","Rosa multiflora","romul-E11-1",37.3452836287647,31.9468087094096,-4.25273906717398,36.009204007546,NA,3.93135241146365,"romul-E11-1","romul",2019-07-15,"invader","away",1,0,"Rosaceae","J"
"116","E","Rosa multiflora","romul-E3-1",16.0046334092318,23.6337268138736,0.380114011785736,0.432954488391924,NA,0.0622822401479243,"romul-E3-1","romul",2019-07-16,"invader","away",1,0,"Rosaceae","J"
"117","E","Solidago gigantea","sogig-E27-1",59.322372371114,70.0646500045569,0.212533405048545,0.900213685224162,NA,0.110400474282787,"sogig-E27-1","sogig",2021-08-09,"invader","home",0,0,"Asteraceae","E"
"118","E","Solidago gigantea","sogig-E29-1",84.7459193558176,104.082378419946,0.243465982002336,1.34119870963966,NA,0.134069132639675,"sogig-E29-1","sogig",2021-08-10,"invader","home",0,0,"Asteraceae","E"
"119","E","Solidago gigantea","sogig-E30-1",125.008492318987,153.767843301544,-0.404567334122092,6.46479860590489,NA,0.537072503297554,"sogig-E30-1","sogig",2021-08-10,"invader","home",0,0,"Asteraceae","E"
"120","E","Solidago gigantea","sogig-E31-2",81.8822978398978,106.709349268279,0.14689884764704,2.32960166136121,NA,0.288569839038428,"sogig-E31-2","sogig",2021-08-10,"invader","home",0,0,"Asteraceae","E"
"121","E","Viburnum acerifolium","viace-E11-1",18.0934865669498,32.1484125635199,0.186565363164901,1.43895374822376,NA,0.255307917615949,"viace-E11-1","viace",2019-07-15,"native","home",1,0,"Adoxaceae","E"
"122","E","Viburnum acerifolium","viace-E3-1",20.7227353777973,31.3054603896388,0.712394254538827,1.84682756283069,NA,0.268300187963121,"viace-E3-1","viace",2019-07-16,"native","home",1,0,"Adoxaceae","E"
"123","E","Viburnum acerifolium","viace-E3-2",25.4207293359404,36.8042773083636,0.424212824394639,1.25791707793236,NA,0.179516541791997,"viace-E3-2","viace",2019-07-25,"native","home",1,0,"Adoxaceae","E"
"124","E","Viburnum acerifolium","viace-E4-1",22.854517462792,36.5537530533903,0.31669124799749,2.34748541940937,NA,0.375886604527139,"viace-E4-1","viace",2019-07-03,"native","home",1,0,"Adoxaceae","E"
"125","E","Viburnum acerifolium","viace-E4-2",26.918277839977,44.1671502609851,0.45657066468715,0.650361523545255,NA,0.0945814692049945,"viace-E4-2","viace",2019-07-26,"native","home",1,0,"Adoxaceae","E"
"126","E","Viburnum dilatatum","vidil-E40-1",45.7160227979117,50.3863379570871,0.631042022633215,1.97330282789634,NA,0.224672629700984,"vidil-E40-1","vidil",2021-08-13,"invader","away",1,0,"Adoxaceae","J"
"127","E","Viburnum dilatatum","vidil-E40-2",74.4299946537816,101.691117595711,-0.0108174577105819,2.41903630841456,NA,0.304533919895806,"vidil-E40-2","vidil",2021-08-13,"invader","away",1,0,"Adoxaceae","J"
"128","E","Viburnum dilatatum","vidil-E40-3",54.4195958751107,72.3383841525967,0.255372518984128,1.41142150903722,NA,0.206636593095266,"vidil-E40-3","vidil",2021-08-13,"invader","away",1,0,"Adoxaceae","J"
"129","E","Viburnum dilatatum","vidil-E40-4",53.617350203561,67.5270617622099,0.543791540075796,2.0298309650376,NA,0.283703766085115,"vidil-E40-4","vidil",2021-08-14,"invader","away",1,0,"Adoxaceae","J"
"130","E","Viburnum dilatatum","vidil-E40-5",59.3941116631582,76.358754784926,0.36232834985228,1.53922619110427,NA,0.204007475284391,"vidil-E40-5","vidil",2021-08-14,"invader","away",1,0,"Adoxaceae","J"
"131","F","Acer negundo","acneg-F25-1",27.890760664414,50.5867683563296,0.440294401798291,0.587816709411606,NA,0.110021775443318,"acneg-F25-1","acneg",2020-07-16,"invader","away",1,0,"Sapindaceae","E"
"132","F","Acer negundo","acneg-F37-1",36.6850378003617,28.2645899988718,1.00464780768975,NA,NA,NA,"acneg-F37-1","acneg",2020-06-05,"invader","away",1,0,"Sapindaceae","E"
"133","F","Acer negundo","acneg-F37-2",22.1062085704651,52.2507445187835,0.641215941897852,0.673242818041827,NA,0.207585394169482,"acneg-F37-2","acneg",2020-06-10,"invader","away",1,0,"Sapindaceae","E"
"134","F","Acer negundo","acneg-F38-1",36.0115744024513,72.7955739441647,1.31023077158643,1.32974051080901,NA,0.283845634964145,"acneg-F38-1","acneg",2020-07-29,"invader","away",1,0,"Sapindaceae","E"
"135","F","Acer negundo","acneg-F41-1",45.0763560655714,45.1655046608579,0.899821524453241,2.68082890108792,NA,0.225333661719138,"acneg-F41-1","acneg",2020-07-28,"invader","away",1,0,"Sapindaceae","E"
"136","F","Acer negundo","acneg-F42-1",23.598352054084,45.3546965864502,0.802337613065186,0.493543692586772,NA,0.105460509386269,"acneg-F42-1","acneg",2020-07-07,"invader","away",1,0,"Sapindaceae","E"
"137","F","Acer pseudoplatanus","acpse-F25-1",30.6602560423394,44.8297599816422,0.445037834704557,0.481774903314664,NA,0.0872044414298126,"acpse-F25-1","acpse",2020-07-16,"native","home",1,0,"Sapindaceae","F"
"138","F","Acer pseudoplatanus","acpse-F30-1",62.3064463111465,133.647250356024,1.97197937759862,3.8350079379095,NA,0.642528195212497,"acpse-F30-1","acpse",2020-07-29,"native","home",1,0,"Sapindaceae","F"
"139","F","Acer pseudoplatanus","acpse-F37-1",22.2390774054868,44.0317860664038,0.690795895707903,1.42345682915541,NA,0.331721354630085,"acpse-F37-1","acpse",2020-06-05,"native","home",1,0,"Sapindaceae","F"
"140","F","Acer pseudoplatanus","acpse-F41-1",101.752943919636,105.292608442618,1.68906263550903,4.9432727781289,NA,0.345348842929314,"acpse-F41-1","acpse",2020-07-28,"native","home",1,0,"Sapindaceae","F"
"141","F","Acer pseudoplatanus","acpse-F41-2",46.6717936639234,38.3695104246156,-0.540072095649932,NA,NA,NA,"acpse-F41-2","acpse",2020-07-29,"native","home",1,0,"Sapindaceae","F"
"142","F","Acer pseudoplatanus","acpse-F42-1",34.1194274726828,63.0648687568992,0.874586575291738,0.9888858439128,NA,0.183365194517659,"acpse-F42-1","acpse",2020-07-07,"native","home",1,0,"Sapindaceae","F"
"143","F","Agrostis gigantea","aggig-F1-1",48.7074004210778,99.8743288584323,1.20260181785805,3.0994876536643,NA,0.676088517682288,"aggig-F1-1","aggig",2020-06-10,"native","home",0,1,"Poaceae","F"
"144","F","Agrostis gigantea","aggig-F37-1",60.4590588336501,128.117243889435,0.18801721968386,3.00684088028264,NA,0.487138219934054,"aggig-F37-1","aggig",2020-07-27,"native","home",0,1,"Poaceae","F"
"145","F","Agrostis stolonifera","agsto-F10-1",59.044857356465,119.397440027138,0.724914641920097,0.426952113928441,NA,0.0905065755940817,"agsto-F10-1","agsto",2020-06-18,"invader","home",0,1,"Poaceae","F"
"146","F","Agrostis stolonifera","agsto-F15-1",38.1116027304251,79.0866100637108,0.891538924745714,0.874907839452708,NA,0.185089532959507,"agsto-F15-1","agsto",2020-06-16,"invader","home",0,1,"Poaceae","F"
"147","F","Agrostis stolonifera","agsto-F37-1",18.857120432931,45.2105058921873,0.498662615097683,1.0437063510066,NA,0.364084837323003,"agsto-F37-1","agsto",2020-06-10,"invader","home",0,1,"Poaceae","F"
"148","F","Agrostis stolonifera","agsto-F8-1",44.1903897716521,80.5033561588842,0.771089413039002,0.346993215853333,NA,0.0685694403401022,"agsto-F8-1","agsto",2020-06-18,"invader","home",0,1,"Poaceae","F"
"149","F","Agrostis stolonifera","agsto-F9-1",50.4396647632692,77.7919207732807,0.161512862157954,1.26779680744072,NA,0.168943918063811,"agsto-F9-1","agsto",2020-06-23,"invader","home",0,1,"Poaceae","F"
"150","F","Ambrosia artemisiifolia","amart-F46-1",62.1202546166442,74.5117542752723,1.26108045812081,4.20167646183219,NA,0.570492984372431,"amart-F46-1","amart",2021-09-20,"invader","away",0,0,"Asteraceae","E"
"151","F","Ambrosia artemisiifolia","amart-F47-1",176.761071270934,178.411445999456,-0.908513771511635,0.832336577088674,NA,0.0300786967962776,"amart-F47-1","amart",2021-09-21,"invader","away",0,0,"Asteraceae","E"
"152","F","Ambrosia artemisiifolia","amart-F48-1",179.190666409366,238.573013126422,-1.45005606144052,14.4013295658162,NA,1.18333356041393,"amart-F48-1","amart",2021-09-21,"invader","away",0,0,"Asteraceae","E"
"153","F","Ambrosia artemisiifolia","amart-F56-1",86.4702640891438,114.56863349688,-0.44108819218613,3.89899367243426,NA,0.444938743824076,"amart-F56-1","amart",2021-09-20,"invader","away",0,0,"Asteraceae","E"
"154","F","Ambrosia artemisiifolia","amart-F58-1",117.233093241716,151.002222923042,-0.122594694765634,6.69598184609297,NA,0.677661404787766,"amart-F58-1","amart",2021-09-20,"invader","away",0,0,"Asteraceae","E"
"155","F","Anthoxanthum odoratum","anodo-F15-1",94.0497551986708,176.777929475344,2.35696203276536,4.45903415058451,NA,0.71844278826243,"anodo-F15-1","anodo",2021-04-18,"invader","home",0,1,"Poaceae","F"
"156","F","Anthoxanthum odoratum","anodo-F33-1",53.5329970490259,85.4102210374281,1.03416975135243,2.03589101169483,NA,0.337785972802522,"anodo-F33-1","anodo",2020-06-08,"invader","home",0,1,"Poaceae","F"
"157","F","Anthoxanthum odoratum","anodo-F37-1",34.7124155167237,44.1801856188618,1.47107511332736,5.99510297495478,NA,0.487508117888368,"anodo-F37-1","anodo",2020-06-05,"invader","home",0,1,"Poaceae","F"
"158","F","Anthoxanthum odoratum","anodo-F60-1",33.1351933550114,68.0169854555435,0.57824150958246,1.32253846789966,NA,0.270916581789603,"anodo-F60-1","anodo",2021-05-26,"invader","home",0,1,"Poaceae","F"
"159","F","Anthoxanthum odoratum","anodo-F9-1",54.3347622476081,58.419902527456,2.29633111379867,5.31943629113366,NA,0.583872090661273,"anodo-F9-1","anodo",2021-05-31,"invader","home",0,1,"Poaceae","F"
"160","F","Artemisia vulgaris","arvul-F46-1",84.9839428218853,117.441394886523,-0.191569061526449,5.95407690222899,NA,0.721065092973664,"arvul-F46-1","arvul",2021-09-20,"invader","home",0,0,"Asteraceae","F"
"161","F","Artemisia vulgaris","arvul-F47-1",83.7802341030133,123.993255477576,0.451385553754241,3.12783966763306,NA,0.420867652548469,"arvul-F47-1","arvul",2021-09-21,"invader","home",0,0,"Asteraceae","F"
"162","F","Artemisia vulgaris","arvul-F48-1",149.138134878076,198.009053704421,-0.185525269073873,7.98393022340845,NA,0.74993400126923,"arvul-F48-1","arvul",2021-09-21,"invader","home",0,0,"Asteraceae","F"
"163","F","Artemisia vulgaris","arvul-F56-1",67.283611128943,105.914161839445,0.591000653431893,2.40958679116182,NA,0.303456061968231,"arvul-F56-1","arvul",2021-09-20,"invader","home",0,0,"Asteraceae","F"
"164","F","Artemisia vulgaris","arvul-F58-1",77.3518319446035,116.3224610873,0.667249916263333,2.4162351659378,NA,0.269718554371163,"arvul-F58-1","arvul",2021-09-20,"invader","home",0,0,"Asteraceae","F"
"165","F","Bidens frondosa","bifro-F1-1",78.6421339960168,133.09672529768,0.627649497454689,2.2132673893989,NA,0.32201169773675,"bifro-F1-1","bifro",2020-07-30,"invader","away",0,0,"Asteraceae","E"
"166","F","Bidens frondosa","bifro-F24-1",82.498731289727,142.321245463889,0.291457522165044,2.42298277189355,NA,0.375418131067848,"bifro-F24-1","bifro",2020-07-29,"invader","away",0,0,"Asteraceae","E"
"167","F","Bidens frondosa","bifro-F47-1",163.806192451966,257.374863313301,-0.779179122729289,4.89283500365729,NA,0.588193683960864,"bifro-F47-1","bifro",2021-09-21,"invader","away",0,0,"Asteraceae","E"
"168","F","Bidens tripartita","bitri-F24-1",37.8385695149882,62.7371730102507,0.487258612496125,1.03633966228623,NA,0.206376332738831,"bitri-F24-1","bitri",2020-07-29,"native","home",0,0,"Asteraceae","F"
"169","F","Bidens tripartita","bitri-F37-1",158.666509944614,214.918064545927,-0.324261370800352,3.16838824594529,NA,0.37295938303458,"bitri-F37-1","bitri",2020-07-27,"native","home",0,0,"Asteraceae","F"
"170","F","Bidens tripartita","bitri-F46-1",167.131892157062,236.631043194153,-1.57046790254648,8.4953578832993,NA,0.850090544416904,"bitri-F46-1","bitri",2021-09-20,"native","home",0,0,"Asteraceae","F"
"171","F","Bidens tripartita","bitri-F6-1",181.517089249069,249.658593435269,-0.864306015818335,6.22466324964689,NA,0.582938803987555,"bitri-F6-1","bitri",2020-07-28,"native","home",0,0,"Asteraceae","F"
"172","F","Chenopodium album","chalb-F11-1",169.269656791098,218.854442395574,-1.36568827592941,4.61787349402245,NA,0.209445283641988,"chalb-F11-1","chalb",2020-06-28,"invader","home",0,0,"Chenopodiaceae","F"
"173","F","Chenopodium album","chalb-F12-1",133.183368013645,246.737259837214,-1.51386130967668,1.28729629548151,NA,0.218258033981673,"chalb-F12-1","chalb",2020-06-23,"invader","home",0,0,"Chenopodiaceae","F"
"174","F","Chenopodium album","chalb-F15-1",118.513732243566,222.046461802154,-0.536288765011557,7.97796869362325,NA,1.16176258959183,"chalb-F15-1","chalb",2020-06-16,"invader","home",0,0,"Chenopodiaceae","F"
"175","F","Chenopodium album","chalb-F19-1",126.0958265002,233.395692533184,0.748273251502048,4.64880240099498,NA,0.636233208900257,"chalb-F19-1","chalb",2020-06-23,"invader","home",0,0,"Chenopodiaceae","F"
"176","F","Chenopodium album","chalb-F3-1",153.873563605691,269.148075777397,-0.887072137171482,2.6377939976184,NA,0.313948311698024,"chalb-F3-1","chalb",2020-06-24,"invader","home",0,0,"Chenopodiaceae","F"
"177","F","Chenopodium album","chalb-F36-1",116.283191402903,164.368871832437,-0.741694024403938,0.889750904857436,NA,0.103876772771676,"chalb-F36-1","chalb",2020-06-25,"invader","home",0,0,"Chenopodiaceae","F"
"178","F","Conyza canadensis","cocan-F1-1",83.7420690891254,133.157919606306,0.144968517445675,0.713583875892664,NA,0.0809624989083482,"cocan-F1-1","cocan",2020-06-24,"invader","away",0,0,"Asteraceae","E"
"179","F","Conyza canadensis","cocan-F1-2",85.4431195275946,120.977023759514,0.949576317486107,6.83320100446185,NA,0.52215444568239,"cocan-F1-2","cocan",2020-06-30,"invader","away",0,0,"Asteraceae","E"
"180","F","Conyza canadensis","cocan-F15-1",108.512306929908,216.654741725377,-0.135070965446453,2.79777329709492,NA,0.508011988999073,"cocan-F15-1","cocan",2020-06-16,"invader","away",0,0,"Asteraceae","E"
"181","F","Conyza canadensis","cocan-F3-1",210.250349247575,315.036476957266,-1.61878695184268,4.14403360808492,NA,0.419617090527061,"cocan-F3-1","cocan",2020-06-24,"invader","away",0,0,"Asteraceae","E"
"182","F","Conyza canadensis","cocan-F36-2",148.511896263114,169.666151471781,0.912571773992837,5.44446180059852,NA,0.539484670774438,"cocan-F36-2","cocan",2020-06-25,"invader","away",0,0,"Asteraceae","E"
"183","F","Conyza canadensis","cocan-F40-1",77.0478568972862,148.019475284274,0.793678779974275,1.99834175114643,NA,0.404232100681843,"cocan-F40-1","cocan",2020-07-02,"invader","away",0,0,"Asteraceae","E"
"184","F","Dactylis glomerata","daglo-F13-1",73.0756509296244,124.445100114064,0.495939540165414,2.50972974440596,NA,0.39354218866128,"daglo-F13-1","daglo",2021-06-04,"native","home",0,1,"Poaceae","F"
"185","F","Dactylis glomerata","daglo-F44-1",52.0064412724544,96.041725135336,1.03567685420863,2.2178204838427,NA,0.412309514886466,"daglo-F44-1","daglo",2021-06-10,"native","home",0,1,"Poaceae","F"
"186","F","Dactylis glomerata","daglo-F53-1",47.7389757857998,94.6558547014141,0.426173987802918,2.7477314025935,NA,0.525389749448422,"daglo-F53-1","daglo",2021-06-23,"native","home",0,1,"Poaceae","F"
"187","F","Dactylis glomerata","daglo-F54-1",65.0420965597875,61.9722040187339,2.23142015874519,33.6080184329363,NA,3.02895831973139,"daglo-F54-1","daglo",2021-06-01,"native","home",0,1,"Poaceae","F"
"188","F","Dactylis glomerata","daglo-F9-1",102.867302504825,171.169549188588,0.243158595532069,1.685046342596,NA,0.242752993514128,"daglo-F9-1","daglo",2021-05-31,"native","home",0,1,"Poaceae","F"
"189","F","Daucus carota","dacar-F13-1",37.4656179213149,55.3665978182747,0.715251924783493,1.97110382099051,NA,0.287689653469181,"dacar-F13-1","dacar",2021-06-04,"invader","home",0,0,"Apiaceae","F"
"190","F","Daucus carota","dacar-F15-1",56.8430920242112,76.8765288260843,0.808784480937735,3.10602759750582,NA,0.413772218633088,"dacar-F15-1","dacar",2021-04-18,"invader","home",0,0,"Apiaceae","F"
"191","F","Daucus carota","dacar-F44-1",32.2176770437686,52.8176115881633,1.30351984563442,4.77423624541537,NA,0.529061971743882,"dacar-F44-1","dacar",2021-06-10,"invader","home",0,0,"Apiaceae","F"
"192","F","Daucus carota","dacar-F54-1",56.8600540992806,74.0939344810246,0.531100993633935,2.6658191503312,NA,0.327139278743282,"dacar-F54-1","dacar",2021-06-01,"invader","home",0,0,"Apiaceae","F"
"193","F","Daucus carota","dacar-F60-1",54.1530872738084,85.7676596619378,0.929826904265755,4.26810993618622,NA,0.679268296416409,"dacar-F60-1","dacar",2021-05-26,"invader","home",0,0,"Apiaceae","F"
"194","F","Erigeron annuus","erann-F1-1",67.1540797810143,111.944692394017,0.814311217860005,1.21008752244685,NA,0.170596731001452,"erann-F1-1","erann",2020-07-09,"invader","away",0,0,"Asteraceae","E"
"195","F","Erigeron annuus","erann-F22-1",28.6810777895334,45.3779287007534,0.454147048194081,0.685272690773379,NA,0.12286770057864,"erann-F22-1","erann",2020-06-17,"invader","away",0,0,"Asteraceae","E"
"196","F","Erigeron annuus","erann-F25-1",133.828669878087,181.502961205685,0.441135873809197,1.720343436625,NA,0.181034920379017,"erann-F25-1","erann",2020-07-16,"invader","away",0,0,"Asteraceae","E"
"197","F","Erigeron annuus","erann-F29-1",50.9314510419941,88.31529960864,0.82510486089325,0.422185785834781,NA,0.0860025094746971,"erann-F29-1","erann",2020-07-07,"invader","away",0,0,"Asteraceae","E"
"198","F","Erigeron annuus","erann-F4-1",35.918953061738,56.1169946224019,0.536520437647269,0.638241017847858,NA,0.103839603773785,"erann-F4-1","erann",2020-07-02,"invader","away",0,0,"Asteraceae","E"
"199","F","Eupatorium cannabinum","eucan-F2-1",121.993408920786,153.184872058671,0.389396541713302,1.79478159705687,NA,0.177836639919181,"eucan-F2-1","eucan",2020-07-09,"native","home",0,0,"Asteraceae","F"
"200","F","Eupatorium cannabinum","eucan-F28-1",87.536773310668,161.805609361264,0.497522068979457,0.469196532747495,NA,0.0843298052289267,"eucan-F28-1","eucan",2020-07-09,"native","home",0,0,"Asteraceae","F"
"201","F","Eupatorium cannabinum","eucan-F29-1",52.5872293411484,88.5754814704499,0.502463529087714,0.421728050889769,NA,0.0665963278175698,"eucan-F29-1","eucan",2020-07-06,"native","home",0,0,"Asteraceae","F"
"202","F","Eupatorium cannabinum","eucan-F33-1",80.8959607545855,132.582601118674,-0.0941656134399012,1.05553520930662,NA,0.16472947861442,"eucan-F33-1","eucan",2020-07-15,"native","home",0,0,"Asteraceae","F"
"203","F","Eupatorium cannabinum","eucan-F42-1",47.0264318935558,92.8371158244676,0.386666517107723,0.460854428808302,NA,0.0935241921913607,"eucan-F42-1","eucan",2020-07-07,"native","home",0,0,"Asteraceae","F"
"204","F","Fallopia japonica","fajap-F13-1",158.403600680813,229.969079432249,0.43157041241574,8.64437264684504,NA,0.695763093347294,"fajap-F13-1","fajap",2019-08-15,"invader","away",0,0,"Polygonaceae","J"
"205","F","Fallopia japonica","fajap-F14-1",99.4782494546098,119.659782486653,-0.182185082836088,6.94676479470732,NA,0.522376708641947,"fajap-F14-1","fajap",2019-07-29,"invader","away",0,0,"Polygonaceae","J"
"206","F","Fallopia japonica","fajap-F16-1",102.31077213144,136.455417481216,0.712853573286097,8.29218648832882,NA,0.762572315422582,"fajap-F16-1","fajap",2019-08-15,"invader","away",0,0,"Polygonaceae","J"
"207","F","Fallopia japonica","fajap-F20-1",125.374922884927,198.104249389356,-0.571417844916128,4.04491976067964,NA,0.460931531021729,"fajap-F20-1","fajap",2019-07-17,"invader","away",0,0,"Polygonaceae","J"
"208","F","Fallopia japonica","fajap-F23-1",98.6479635381314,153.647012009073,1.5216721214792,4.40170541856257,NA,0.460077366820243,"fajap-F23-1","fajap",2019-08-14,"invader","away",0,0,"Polygonaceae","J"
"209","F","Fallopia japonica","fajap-F27-1",73.1398076541995,136.108253099247,0.901099991482333,1.86988940164045,NA,0.300721897275841,"fajap-F27-1","fajap",2020-05-26,"invader","away",0,0,"Polygonaceae","J"
"210","F","Fallopia japonica","fajap-F32-1",147.897059282664,214.429491927598,0.615059506085692,9.84076830004519,NA,0.761864802846024,"fajap-F32-1","fajap",2019-08-14,"invader","away",0,0,"Polygonaceae","J"
"211","F","Fallopia japonica","fajap-F37-1",67.2039297548353,128.420899574581,-0.254090692274794,1.52751584560633,NA,0.266825258187506,"fajap-F37-1","fajap",2019-08-14,"invader","away",0,0,"Polygonaceae","J"
"212","F","Fallopia japonica","fajap-F39-1",171.771965487088,182.641843376371,2.18168554180393,8.3674561442748,NA,0.429740397484705,"fajap-F39-1","fajap",2019-07-16,"invader","away",0,0,"Polygonaceae","J"
"213","F","Fallopia japonica","fajap-F9-1",170.715789084529,178.498891561422,-0.56905157109589,11.5059531969164,NA,0.480405543692561,"fajap-F9-1","fajap",2019-08-15,"invader","away",0,0,"Polygonaceae","J"
"214","F","Humulus lupulus","hulup-F10-1",22.0350075276605,34.6145057300193,1.10572261234577,0.785126360282206,NA,0.140618754148039,"hulup-F10-1","hulup",2020-07-02,"native","home",1,0,"Cannabinaceae","F"
"215","F","Humulus lupulus","hulup-F26-1",50.9454513656209,83.1589573524251,0.779661077508184,0.711432979989189,NA,0.126690774874416,"hulup-F26-1","hulup",2020-07-06,"native","home",1,0,"Cannabinaceae","F"
"216","F","Humulus lupulus","hulup-F27-1",19.6107282456236,33.2943301312703,0.545795838213621,1.94746087572611,NA,0.380116097226042,"hulup-F27-1","hulup",2020-05-27,"native","home",1,0,"Cannabinaceae","F"
"217","F","Humulus lupulus","hulup-F28-1",36.627667169919,65.2703405855174,0.737586531820313,0.508719946629358,NA,0.0961410603807202,"hulup-F28-1","hulup",2020-07-09,"native","home",1,0,"Cannabinaceae","F"
"218","F","Humulus lupulus","hulup-F31-1",17.1352199969276,25.7585719504793,0.70401311831092,0.902688603116069,NA,0.127150775400745,"hulup-F31-1","hulup",2020-07-08,"native","home",1,0,"Cannabinaceae","F"
"219","F","Laburnum anagyroides","laana-F10-1",36.610118165503,65.3764329435168,0.88113256773911,3.91834204304477,NA,0.636365188206616,"laana-F10-1","laana",2020-07-23,"native","home",1,0,"Fabaceae","F"
"220","F","Laburnum anagyroides","laana-F31-1",56.3492982587716,75.4613614233771,0.612970049885286,2.01799837296339,NA,0.289314167515343,"laana-F31-1","laana",2020-07-08,"native","home",1,0,"Fabaceae","F"
"221","F","Laburnum anagyroides","laana-F35-2",39.7543882198546,77.6883547172093,0.802275802482413,1.15751789628389,NA,0.253453599578663,"laana-F35-2","laana",2020-06-30,"native","home",1,0,"Fabaceae","F"
"222","F","Laburnum anagyroides","laana-F43-1",68.8220390507197,160.078188380751,1.16881012888992,1.32632295998886,NA,0.312249581293392,"laana-F43-1","laana",2020-07-03,"native","home",1,0,"Fabaceae","F"
"223","F","Laburnum anagyroides","laana-F53-1",73.1652200527969,95.0050153378295,0.622241564700158,3.00099341658378,NA,0.315129318078615,"laana-F53-1","laana",2021-06-15,"native","home",1,0,"Fabaceae","F"
"224","F","Leucanthemum vulgaris","levul-F13-1",34.9989224140713,67.136043174987,0.656234068887047,1.26069799352714,NA,0.241513264416037,"levul-F13-1","levul",2021-06-04,"invader","home",0,0,"Asteraceae","F"
"225","F","Leucanthemum vulgaris","levul-F51-1",105.361428552792,170.869063221129,0.888173680774536,3.00142470186725,NA,0.395258577156374,"levul-F51-1","levul",2021-06-15,"invader","home",0,0,"Asteraceae","F"
"226","F","Leucanthemum vulgaris","levul-F54-1",67.9162178718976,86.2240808285906,1.47201823745442,1.35276137804536,NA,0.169463126490325,"levul-F54-1","levul",2021-06-01,"invader","home",0,0,"Asteraceae","F"
"227","F","Leucanthemum vulgaris","levul-F59-1",28.1881825532146,52.4410210606889,0.629282709003628,0.870369331000613,NA,0.180540913550896,"levul-F59-1","levul",2021-06-04,"invader","home",0,0,"Asteraceae","F"
"228","F","Leucanthemum vulgaris","levul-F60-1",117.189059510589,208.54212349399,-0.68048648117425,7.89194970847323,NA,1.1944797805181,"levul-F60-1","levul",2021-05-26,"invader","home",0,0,"Asteraceae","F"
"229","F","Parthenocissus sp.","paspp-F10-1",121.784101430286,97.8916497310117,1.66442297452668,32.3400010626652,NA,1.02817460361687,"paspp-F10-1","paspp",2019-07-17,"invader","away",1,0,"Vitaceae","E"
"230","F","Parthenocissus sp.","paspp-F26-1",26.8973122722897,47.3803785297484,0.649478526072328,1.03417983248395,NA,0.200059359353227,"paspp-F26-1","paspp",2020-07-06,"invader","away",1,0,"Vitaceae","E"
"231","F","Parthenocissus sp.","paspp-F27-1",33.4790635512988,57.8640122256918,1.30256802382856,2.23356305889116,NA,0.380290919305981,"paspp-F27-1","paspp",2020-05-26,"invader","away",1,0,"Vitaceae","E"
"232","F","Parthenocissus sp.","paspp-F28-1",24.6517040378962,53.0603200635906,-2.08874514381927,3.08542179492299,NA,0.603373413422965,"paspp-F28-1","paspp",2020-07-09,"invader","away",1,0,"Vitaceae","E"
"233","F","Parthenocissus sp.","paspp-F28-2",1.73211392320464,1.89152735928733,-6.22421032164308,0.719035399408105,NA,0.0600350114479758,"paspp-F28-2","paspp",2020-07-09,"invader","away",1,0,"Vitaceae","E"
"234","F","Parthenocissus sp.","paspp-F31-1",35.0714451776402,62.9304263395831,0.72179343301766,1.97515220031751,NA,0.32188271723886,"paspp-F31-1","paspp",2020-07-08,"invader","away",1,0,"Vitaceae","E"
"235","F","Plantago lanceolata","pllan-F10-1",78.9034418331115,154.738895034471,-0.0832601719634416,0.607000007612732,NA,0.115183443153973,"pllan-F10-1","pllan",2020-06-18,"invader","home",0,0,"Plantaginaceae","F"
"236","F","Plantago lanceolata","pllan-F15-1",77.4393785808986,121.697676287394,0.511846728283421,0.641836438779178,NA,0.0675212230895673,"pllan-F15-1","pllan",2020-06-16,"invader","home",0,0,"Plantaginaceae","F"
"237","F","Plantago lanceolata","pllan-F15-2",70.5668947919525,139.115278599379,-1.27142672135501,5.39978472227909,NA,1.39309162697419,"pllan-F15-2","pllan",2020-06-16,"invader","home",0,0,"Plantaginaceae","F"
"238","F","Plantago lanceolata","pllan-F19-1",105.350996628621,239.72758775163,1.02891310091975,0.758880459901949,NA,0.150547320836078,"pllan-F19-1","pllan",2020-06-23,"invader","home",0,0,"Plantaginaceae","F"
"239","F","Plantago lanceolata","pllan-F27-1",70.0104719380963,130.066691437907,1.47318344674647,1.95779267794072,NA,0.36928948498063,"pllan-F27-1","pllan",2020-05-26,"invader","home",0,0,"Plantaginaceae","F"
"240","F","Plantago lanceolata","pllan-F37-1",83.8854950360614,114.802292594841,0.780467530073573,0.941364168986994,NA,0.0710977161122668,"pllan-F37-1","pllan",2020-06-05,"invader","home",0,0,"Plantaginaceae","F"
"241","F","Prunus avium","pravi-F1-1",74.0474498512342,152.250979493635,1.19725705762866,1.90721938709618,NA,0.333463469914316,"pravi-F1-1","pravi",2020-07-17,"invader","home",1,0,"Rosaceae","F"
"242","F","Prunus avium","pravi-F29-1",35.149271107549,68.4055185873576,0.891911475565147,0.48864771324357,NA,0.0970894090888498,"pravi-F29-1","pravi",2020-07-06,"invader","home",1,0,"Rosaceae","F"
"243","F","Prunus avium","pravi-F31-1",71.8097632205665,114.858577275448,-1.96763119362755,6.24561627971289,NA,0.832444571528488,"pravi-F31-1","pravi",2019-07-25,"invader","home",1,0,"Rosaceae","F"
"244","F","Prunus avium","pravi-F33-1",50.9749853666039,92.6607024954816,1.1136075944515,0.918908247035374,NA,0.154374141377795,"pravi-F33-1","pravi",2020-07-15,"invader","home",1,0,"Rosaceae","F"
"245","F","Prunus avium","pravi-F37-1",78.7485919930816,99.4904672189226,1.5673266821244,4.58591496586011,NA,0.46972557687365,"pravi-F37-1","pravi",2019-07-19,"invader","home",1,0,"Rosaceae","F"
"246","F","Prunus avium","pravi-F57-1",25.5429480750753,55.1102169462551,-0.0596220668666613,1.99292507459769,NA,0.338801293991004,"pravi-F57-1","pravi",2020-07-22,"invader","home",1,0,"Rosaceae","F"
"247","F","Prunus serotina","prser-F1-1",62.2519220179975,106.157479052002,1.35315981265671,2.01593804917396,NA,0.320571124933516,"prser-F1-1","prser",2020-07-17,"invader","away",1,0,"Rosaceae","E"
"248","F","Prunus serotina","prser-F22-1",30.7055572941309,58.1363470960423,0.656699064196126,1.38008707062165,NA,0.272514257309255,"prser-F22-1","prser",2020-06-17,"invader","away",1,0,"Rosaceae","E"
"249","F","Prunus serotina","prser-F31-1",99.9934801536187,100.06440910718,-2.13770272825455,15.974969683835,NA,0.859838948318643,"prser-F31-1","prser",2019-07-24,"invader","away",1,0,"Rosaceae","E"
"250","F","Prunus serotina","prser-F33-1",40.8011199596088,54.6677124189007,1.05961686862641,2.65798878664706,NA,0.393081921447244,"prser-F33-1","prser",2020-06-08,"invader","away",1,0,"Rosaceae","E"
"251","F","Prunus serotina","prser-F57-1",41.9883658906569,53.4152462260821,1.65308323159513,4.81160064363888,NA,0.505155806617393,"prser-F57-1","prser",2020-07-22,"invader","away",1,0,"Rosaceae","E"
"252","F","Quercus robur","qurob-F14-1",107.025471901202,182.200887218314,-1.60537995340516,3.45897259515763,NA,0.487304832607327,"qurob-F14-1","qurob",2019-07-28,"native","home",1,0,"Fagaceae","F"
"253","F","Quercus robur","qurob-F18-1",23.8782277162616,42.5174405121284,-1.85997411041075,5.62329588859127,NA,0.58138076410647,"qurob-F18-1","qurob",2019-07-22,"native","home",1,0,"Fagaceae","F"
"254","F","Quercus robur","qurob-F31-1",40.4879562122455,55.0993456887801,0.893639981612504,1.1932394662122,NA,0.142981667907337,"qurob-F31-1","qurob",2020-07-08,"native","home",1,0,"Fagaceae","F"
"255","F","Quercus robur","qurob-F33-1",36.2062370893057,61.0225136407297,0.587883436372083,0.753065109790495,NA,0.135643070283299,"qurob-F33-1","qurob",2020-07-15,"native","home",1,0,"Fagaceae","F"
"256","F","Quercus robur","qurob-F34-1",63.0954387178743,94.4963785979258,0.594835925869863,2.59213804419592,NA,0.323664946083833,"qurob-F34-1","qurob",2020-07-21,"native","home",1,0,"Fagaceae","F"
"257","F","Quercus rubra","qurub-F14-1",14.7746425883518,18.9156604198954,-5.37099379600377,18.0823356603514,NA,0.956865610358768,"qurub-F14-1","qurub",2019-07-28,"invader","away",1,0,"Fagaceae","E"
"258","F","Quercus rubra","qurub-F18-1",50.0706806137753,88.5135097020442,-2.57977070510916,5.13753488490438,NA,0.552800439049594,"qurub-F18-1","qurub",2019-07-22,"invader","away",1,0,"Fagaceae","E"
"259","F","Quercus rubra","qurub-F31-1",29.8921947201755,21.1695285672325,-5.69360962608443,22.9862019459122,NA,0.988616341413625,"qurub-F31-1","qurub",2019-07-24,"invader","away",1,0,"Fagaceae","E"
"260","F","Quercus rubra","qurub-F33-1",22.3964765569022,33.5365946643233,-0.563845987053817,3.88045558183705,NA,0.871182769065767,"qurub-F33-1","qurub",2020-06-08,"invader","away",1,0,"Fagaceae","E"
"261","F","Quercus rubra","qurub-F34-1",58.4195723046731,92.3142106223397,0.547508789319139,1.62986332371921,NA,0.240376293796772,"qurub-F34-1","qurub",2020-07-21,"invader","away",1,0,"Fagaceae","E"
"262","F","Rhamnus cathartica","rhcat-F14-1",55.3494516786281,111.335591223039,0.192582737703022,2.63163069448702,NA,0.404776589500398,"rhcat-F14-1","rhcat",2020-07-22,"invader","home",1,0,"Rhamnaceae","F"
"263","F","Rhamnus cathartica","rhcat-F17-1",45.1948038494492,133.834306802561,-0.231806549494857,2.18825395146512,NA,0.607261948540175,"rhcat-F17-1","rhcat",2020-07-31,"invader","home",1,0,"Rhamnaceae","F"
"264","F","Rhamnus cathartica","rhcat-F37-1",29.5779603868319,55.157890531338,0.759161796536459,1.35108250195876,NA,0.283567425008222,"rhcat-F37-1","rhcat",2020-07-27,"invader","home",1,0,"Rhamnaceae","F"
"265","F","Rhamnus cathartica","rhcat-F7-1",57.3945072016973,79.875641050697,0.61574948225307,1.24918902488607,NA,0.169681035659529,"rhcat-F7-1","rhcat",2020-07-23,"invader","home",1,0,"Rhamnaceae","F"
"266","F","Rhamnus cathartica","rhcat-F9-1",31.1257405301548,41.7417313250202,0.53577659957053,1.67084216976015,NA,0.223329213986668,"rhcat-F9-1","rhcat",2020-07-23,"invader","home",1,0,"Rhamnaceae","F"
"267","F","Robinia pseudo-acacia","ropse-F1-1",56.0137065139165,113.546680015834,0.624828048649014,1.47242457924551,NA,0.322943731763664,"ropse-F1-1","ropse",2020-07-17,"invader","away",1,0,"Fabaceae","E"
"268","F","Robinia pseudo-acacia","ropse-F10-1",150.786834695795,238.470331428661,1.25287238825153,4.51187842314481,NA,0.57042803535837,"ropse-F10-1","ropse",2019-07-17,"invader","away",1,0,"Fabaceae","E"
"269","F","Robinia pseudo-acacia","ropse-F31-1",67.0839661548681,89.3883209741937,-3.24966547574111,6.61636305448164,NA,0.555707363948727,"ropse-F31-1","ropse",2019-07-24,"invader","away",1,0,"Fabaceae","E"
"270","F","Robinia pseudo-acacia","ropse-F35-1",57.9176845534564,96.8032152240093,1.27605832915538,2.4910985251468,NA,0.402879486110136,"ropse-F35-1","ropse",2020-06-30,"invader","away",1,0,"Fabaceae","E"
"271","F","Robinia pseudo-acacia","ropse-F51-1",183.397437575444,213.161906586007,21.2486712167165,32.1749843356437,NA,5.04091187022863,"ropse-F51-1","ropse",2021-06-15,"invader","away",1,0,"Fabaceae","E"
"272","F","Robinia pseudo-acacia","ropse-F51-2",56.3568882079306,87.5126024359329,0.659107594838089,0.869551393266876,NA,0.125808140074195,"ropse-F51-2","ropse",2021-06-15,"invader","away",1,0,"Fabaceae","E"
"273","F","Senecio jacobaea","sejac-F1-1",84.2042673115637,124.164893794349,-1.26546600475087,3.078319180032,NA,0.532938852035037,"sejac-F1-1","sejac",2020-06-24,"native","home",0,0,"Asteraceae","F"
"274","F","Senecio jacobaea","sejac-F1-2",92.6681302071774,170.149761999709,0.261388681949069,0.311641826306634,NA,0.047713941538452,"sejac-F1-2","sejac",2020-06-24,"native","home",0,0,"Asteraceae","F"
"275","F","Senecio jacobaea","sejac-F10-1",51.1680642194061,87.5773655544069,0.471735787276724,0.494236299172881,NA,0.0903509464677492,"sejac-F10-1","sejac",2020-06-18,"native","home",0,0,"Asteraceae","F"
"276","F","Senecio jacobaea","sejac-F15-1",136.095056605536,317.575142040537,2.35351054618283,5.67980184208774,NA,0.979957874235739,"sejac-F15-1","sejac",2020-06-16,"native","home",0,0,"Asteraceae","F"
"277","F","Senecio jacobaea","sejac-F36-1",92.7672471444687,152.352760045797,0.0540989677509574,0.883468480340016,NA,0.130847366204066,"sejac-F36-1","sejac",2020-06-25,"native","home",0,0,"Asteraceae","F"
"278","F","Senecio jacobaea","sejac-F55-3",88.9519608238106,168.434955308148,0.520503475558815,2.86505990717888,NA,0.507899306484323,"sejac-F55-3","sejac",2020-06-30,"native","home",0,0,"Asteraceae","F"
"279","F","Senecio vulgaris","sevul-F1-1",123.711900345008,251.145524803933,0.39547274587604,3.7721827450836,NA,0.717436000415909,"sevul-F1-1","sevul",2020-07-03,"native","home",0,0,"Asteraceae","F"
"280","F","Senecio vulgaris","sevul-F11-1",136.653101945006,236.649182111095,0.637804587008293,8.99238770120752,NA,1.28683113936318,"sevul-F11-1","sevul",2020-06-28,"native","home",0,0,"Asteraceae","F"
"281","F","Senecio vulgaris","sevul-F12-1",107.34808380558,230.366493734315,0.328419401713018,0.941534784601091,NA,0.186485782926951,"sevul-F12-1","sevul",2020-06-23,"native","home",0,0,"Asteraceae","F"
"282","F","Senecio vulgaris","sevul-F15-1",116.53021151467,2759.04215841315,0.18944615493558,1.57579130107375,NA,0.251727210312817,"sevul-F15-1","sevul",2020-06-16,"native","home",0,0,"Asteraceae","F"
"283","F","Senecio vulgaris","sevul-F36-2",157.476540042622,273.853107616731,0.0145498888052665,1.44239900616903,NA,0.173799898147321,"sevul-F36-2","sevul",2020-06-25,"native","home",0,0,"Asteraceae","F"
"284","F","Solidago gigantea","sogig-F1-1",-3.21831223139483,29.0133631952759,-7.48571810397529,37.9704549001167,NA,3.49874622164355,"sogig-F1-1","sogig",2020-07-30,"invader","away",0,0,"Asteraceae","E"
"285","F","Solidago gigantea","sogig-F10-1",5.43585364406912,10.6299066119879,-1.9629957305913,3.68691003845602,NA,0.475206468210089,"sogig-F10-1","sogig",2019-07-18,"invader","away",0,0,"Asteraceae","E"
"286","F","Solidago gigantea","sogig-F11-1",66.1851660740006,121.731156229187,2.21665042702051,8.18332000841062,NA,1.04286860874988,"sogig-F11-1","sogig",2020-07-21,"invader","away",0,0,"Asteraceae","E"
"287","F","Solidago gigantea","sogig-F27-1",32.4011801958558,38.9349161423463,1.04620629026342,6.02384230771199,NA,0.606585053759367,"sogig-F27-1","sogig",2020-07-27,"invader","away",0,0,"Asteraceae","E"
"288","F","Solidago gigantea","sogig-F45-1",61.3523794144938,131.324653822875,-2.22870464021464,6.68792554045263,NA,1.37517770336247,"sogig-F45-1","sogig",2021-10-20,"invader","away",0,0,"Asteraceae","E"
"289","F","Solidago virgaurea","sovir-F1-1",48.0237807955745,65.4096353963618,0.648386245974913,1.2493164054993,NA,0.145594566543763,"sovir-F1-1","sovir",2020-07-30,"native","home",0,0,"Asteraceae","F"
"290","F","Solidago virgaurea","sovir-F17-1",25.2804278101592,49.5828317747489,0.7743456015287,0.466590987472481,NA,0.102151979074633,"sovir-F17-1","sovir",2020-07-31,"native","home",0,0,"Asteraceae","F"
"291","F","Solidago virgaurea","sovir-F50-1",38.0802122534343,68.6330341358874,0.390543805121579,2.27403156075026,NA,0.558724115142098,"sovir-F50-1","sovir",2021-10-20,"native","home",0,0,"Asteraceae","F"
"292","J","Agrostis gigantea","aggig-J10-1",63.9576078191636,124.620332053765,2.50772014951577,2.67829282883493,NA,0.468081680353756,"aggig-J10-1","aggig",2019-08-26,"native","away",0,1,"Poaceae","F"
"293","J","Agrostis gigantea","aggig-J17-1",122.462407422844,178.901622308476,-1.08093430237192,4.76814371583231,NA,0.541635320362357,"aggig-J17-1","aggig",2019-07-30,"native","away",0,1,"Poaceae","F"
"294","J","Agrostis gigantea","aggig-J4-1",74.9493452642835,145.723669043356,0.780949545768424,4.62174918676111,NA,0.800246738166181,"aggig-J4-1","aggig",2019-07-02,"native","away",0,1,"Poaceae","F"
"295","J","Agrostis gigantea","aggig-J6-1",134.833570397835,472.758385915075,0.0819242883983558,3.239608051367,NA,0.659354513337572,"aggig-J6-1","aggig",2019-07-09,"native","away",0,1,"Poaceae","F"
"296","J","Agrostis gigantea","aggig-J8-1",80.355475561481,156.737860098681,2.96666070931825,1.95463888270194,NA,0.318750548347302,"aggig-J8-1","aggig",2019-08-19,"native","away",0,1,"Poaceae","F"
"297","J","Agrostis stolonifera","agsto-J17-1",148.357649211571,214.909691732873,-3.34250844053796,4.41111872721125,NA,0.506289752409061,"agsto-J17-1","agsto",2019-07-30,"invader","away",0,1,"Poaceae","F"
"298","J","Agrostis stolonifera","agsto-J20-1",99.1245223012899,159.031130054153,3.8006025490615,3.93664324542181,NA,0.542300193844937,"agsto-J20-1","agsto",2019-09-03,"invader","away",0,1,"Poaceae","F"
"299","J","Agrostis stolonifera","agsto-J6-1",152.760083388352,555.238872857895,2.12828661999993,5.86377192040469,NA,0.974458699460219,"agsto-J6-1","agsto",2019-07-09,"invader","away",0,1,"Poaceae","F"
"300","J","Agrostis stolonifera","agsto-J7-1",98.3166809746704,173.564372872102,1.11721508879828,3.19623776068211,NA,0.411391315280346,"agsto-J7-1","agsto",2019-07-10,"invader","away",0,1,"Poaceae","F"
"301","J","Agrostis stolonifera","agsto-J8-1",123.047319477491,106.730006544811,4.37726670600465,76.9818656833829,NA,5.01936392956728,"agsto-J8-1","agsto",2019-08-19,"invader","away",0,1,"Poaceae","F"
"302","J","Ambrosia artemisiifolia","amart-J14-1",190.286060266158,286.502215304083,-2.40618123532429,2.70610897483994,NA,0.333348969792085,"amart-J14-1","amart",2019-08-29,"invader","away",0,0,"Asteraceae","E"
"303","J","Ambrosia artemisiifolia","amart-J18-1",97.1875475993355,196.009714336546,-0.909502696644776,1.10144904640088,NA,0.202504390427674,"amart-J18-1","amart",2019-09-04,"invader","away",0,0,"Asteraceae","E"
"304","J","Ambrosia artemisiifolia","amart-J6-1",138.949305000676,214.833188370397,-1.27374564663769,2.01164700514577,NA,0.255807447051432,"amart-J6-1","amart",2019-07-17,"invader","away",0,0,"Asteraceae","E"
"305","J","Ambrosia artemisiifolia","amart-J8-1",281.48073690505,304.787755272394,-5.85511868096742,10.3750131770302,NA,0.737337212812668,"amart-J8-1","amart",2019-08-01,"invader","away",0,0,"Asteraceae","E"
"306","J","Anthoxanthum odoratum","anodo-J17-1",106.601885415818,173.054853392932,-2.70227074890037,8.84113728714346,NA,1.26610437573764,"anodo-J17-1","anodo",2019-07-30,"invader","away",0,1,"Poaceae","F"
"307","J","Anthoxanthum odoratum","anodo-J18-1",68.3364406213428,125.025821721482,1.99119465976874,1.72609108744924,NA,0.278717410586915,"anodo-J18-1","anodo",2019-08-21,"invader","away",0,1,"Poaceae","F"
"308","J","Anthoxanthum odoratum","anodo-J4-1",63.1035020626081,90.6645426165077,0.206103779843197,2.8066484552482,NA,0.37671429212147,"anodo-J4-1","anodo",2019-07-02,"invader","away",0,1,"Poaceae","F"
"309","J","Anthoxanthum odoratum","anodo-J6-1",96.6483128357621,153.590817250047,1.07818784287271,1.86621723304639,NA,0.239079442699592,"anodo-J6-1","anodo",2019-07-17,"invader","away",0,1,"Poaceae","F"
"310","J","Anthoxanthum odoratum","anodo-J8-1",107.056791756927,178.549399167036,-0.0985065473491257,2.91641073951161,NA,0.44449119484338,"anodo-J8-1","anodo",2019-08-19,"invader","away",0,1,"Poaceae","F"
"311","J","Bidens frondosa","bifro-J12-1",172.180153129037,227.497885935999,-2.42885907447883,2.9887860905594,NA,0.360093840535948,"bifro-J12-1","bifro",2019-08-21,"invader","away",0,0,"Asteraceae","E"
"312","J","Bidens frondosa","bifro-J4-1",101.210871294161,150.142681063487,-1.86661248943604,3.15919686650928,NA,0.471478945009893,"bifro-J4-1","bifro",2019-07-08,"invader","away",0,0,"Asteraceae","E"
"313","J","Bidens frondosa","bifro-J6-1",144.974578174343,210.755735460774,-2.34507565869821,3.52647085842882,NA,0.450849180977337,"bifro-J6-1","bifro",2019-07-09,"invader","away",0,0,"Asteraceae","E"
"314","J","Bidens frondosa","bifro-J7-1",110.915662039265,134.002445284005,-1.2236097994522,0.655906016243036,NA,0.0719838001346045,"bifro-J7-1","bifro",2019-07-10,"invader","away",0,0,"Asteraceae","E"
"315","J","Bidens frondosa","bifro-J8-1",153.299623731201,191.985515961093,-4.25824327435779,2.71692628206723,NA,0.288336020424441,"bifro-J8-1","bifro",2019-07-29,"invader","away",0,0,"Asteraceae","E"
"316","J","Celastrus orbiculatus","ceorb-J19-1",47.7367634252187,69.8618826049586,0.247057191510969,1.06392316955873,NA,0.160450874352388,"ceorb-J19-1","ceorb",2020-08-28,"invader","home",1,0,"Celastraceae","J"
"317","J","Celastrus orbiculatus","ceorb-J2-1",29.7221305845416,49.3907122873343,0.404843368862248,1.92450610943339,NA,0.335342343831421,"ceorb-J2-1","ceorb",2020-08-21,"invader","home",1,0,"Celastraceae","J"
"318","J","Celastrus orbiculatus","ceorb-J22-1",47.6829356546066,78.7345860542248,0.11698770716077,0.454376014579888,NA,0.0782472511068203,"ceorb-J22-1","ceorb",2020-08-07,"invader","home",1,0,"Celastraceae","J"
"319","J","Celastrus orbiculatus","ceorb-J3-1",33.0344727622154,55.3666501466564,0.54680175217173,0.743100660662949,NA,0.131886756197391,"ceorb-J3-1","ceorb",2020-09-08,"invader","home",1,0,"Celastraceae","J"
"320","J","Chenopodium album","chalb-J20-1",104.886857105499,152.612641758231,-1.70969850084606,1.51559569485186,NA,0.199332374452664,"chalb-J20-1","chalb",2019-09-03,"invader","away",0,0,"Chenopodiaceae","F"
"321","J","Chenopodium album","chalb-J6-1",71.2116134362595,127.399520051873,-0.967075354284246,1.99914325312442,NA,0.313087147824828,"chalb-J6-1","chalb",2019-07-09,"invader","away",0,0,"Chenopodiaceae","F"
"322","J","Chenopodium album","chalb-J7-1",106.779821317648,156.329337300995,-1.21049907749608,2.96053610649852,NA,0.256879114376174,"chalb-J7-1","chalb",2019-07-10,"invader","away",0,0,"Chenopodiaceae","F"
"323","J","Chenopodium album","chalb-J8-1",121.67311780962,153.726735575826,-3.12203005092785,1.7773663401405,NA,0.168374903884894,"chalb-J8-1","chalb",2019-07-29,"invader","away",0,0,"Chenopodiaceae","F"
"324","J","Cirsium japonicum","cijap-J10-1",79.6859096599846,167.544772089512,0.86557673788883,1.88067564774756,NA,0.36697671547912,"cijap-J10-1","cijap",2019-09-02,"native","home",0,0,"Asteraceae","J"
"325","J","Cirsium japonicum","cijap-J17-1",107.947397024127,201.374711256745,-1.38900567855564,12.3186034599665,NA,1.66759812573338,"cijap-J17-1","cijap",2019-07-30,"native","home",0,0,"Asteraceae","J"
"326","J","Cirsium japonicum","cijap-J18-1",90.4989910788266,162.958546072655,0.587305162482526,1.5508130264598,NA,0.234331506627165,"cijap-J18-1","cijap",2019-08-21,"native","home",0,0,"Asteraceae","J"
"327","J","Cirsium japonicum","cijap-J4-1",117.541755196822,163.907285337015,0.720939018911669,2.34943110348948,NA,0.250578895542443,"cijap-J4-1","cijap",2019-07-08,"native","home",0,0,"Asteraceae","J"
"328","J","Conyza canadensis","cocan-J11-1",130.328769120861,129.502236241751,-1.14831057726131,1.35125766506114,NA,0.0559069299069625,"cocan-J11-1","cocan",2019-08-19,"invader","away",0,0,"Asteraceae","E"
"329","J","Conyza canadensis","cocan-J4-1",85.0613788868833,160.626679391735,-0.418130505984223,2.05417634185206,NA,0.336230815368575,"cocan-J4-1","cocan",2019-07-02,"invader","away",0,0,"Asteraceae","E"
"330","J","Conyza canadensis","cocan-J6-1",90.9670664122267,129.855509204603,-1.47016066324974,2.05618095146442,NA,0.289744742726267,"cocan-J6-1","cocan",2019-07-09,"invader","away",0,0,"Asteraceae","E"
"331","J","Conyza canadensis","cocan-J7-1",113.900552374636,196.40219896718,-0.143960804717824,1.19649168460099,NA,0.180120947079971,"cocan-J7-1","cocan",2019-07-10,"invader","away",0,0,"Asteraceae","E"
"332","J","Conyza canadensis","cocan-J8-1",140.86940604721,175.099252105516,-1.56931683279625,3.29668460847436,NA,0.352467940744676,"cocan-J8-1","cocan",2019-07-29,"invader","away",0,0,"Asteraceae","E"
"333","J","Cryptotaenia japonica","cyjap-J8-1",43.928217034162,51.3250737183814,0.373667455210783,1.11014086790488,NA,0.0988967703655775,"cyjap-J8-1","cyjap",2019-08-01,"native","home",0,0,"Apiaceae","J"
"334","J","Erigeron annuus","erann-J12-1",64.4464889706799,87.7391894794405,0.737193892347772,1.67079121611126,NA,0.226774740497382,"erann-J12-1","erann",2019-08-21,"invader","away",0,0,"Asteraceae","E"
"335","J","Erigeron annuus","erann-J13-1",73.560371563666,99.3015831743605,-0.189966189376479,2.06917820803243,NA,0.267582062778539,"erann-J13-1","erann",2019-08-21,"invader","away",0,0,"Asteraceae","E"
"336","J","Erigeron annuus","erann-J17-1",72.895322183486,121.624938405359,-1.58264235728405,2.03762101899991,NA,0.309450556009576,"erann-J17-1","erann",2019-07-30,"invader","away",0,0,"Asteraceae","E"
"337","J","Erigeron annuus","erann-J4-1",86.290144723755,163.174870168347,-0.499038732444951,3.27573119595092,NA,0.563936928883664,"erann-J4-1","erann",2019-07-08,"invader","away",0,0,"Asteraceae","E"
"338","J","Erigeron annuus","erann-J6-1",68.0053918010089,89.6622747727571,0.903723365076843,3.50958782183983,NA,0.479499444638155,"erann-J6-1","erann",2019-07-17,"invader","away",0,0,"Asteraceae","E"
"339","J","Euonymus alatus","euala-J16-1",39.2847761311137,69.2461513968444,0.30313625226234,0.471928826054027,NA,0.078669378589144,"euala-J16-1","euala",2020-08-25,"invader","home",1,0,"Celastraceae","J"
"340","J","Euonymus alatus","euala-J19-1",56.3399243470753,91.2125615044208,0.411063120269373,0.612420731655416,NA,0.0924032037571763,"euala-J19-1","euala",2020-09-04,"invader","home",1,0,"Celastraceae","J"
"341","J","Euonymus alatus","euala-J2-1",35.4920632378872,55.6673964063688,-0.016325859726805,0.318926741597817,NA,0.0530886000946701,"euala-J2-1","euala",2020-08-11,"invader","home",1,0,"Celastraceae","J"
"342","J","Euonymus alatus","euala-J22-1",55.5824581597505,84.7793735418474,1.0782304772391,1.23463259854373,NA,0.180079712502336,"euala-J22-1","euala",2020-08-06,"invader","home",1,0,"Celastraceae","J"
"343","J","Euonymus alatus","euala-J3-1",38.2739605916805,66.9844304805956,0.136896079006869,0.628209019341479,NA,0.109431389721475,"euala-J3-1","euala",2020-09-07,"invader","home",1,0,"Celastraceae","J"
"344","J","Eupatorium glehnii","eugle-J10-1",84.6685780574164,193.257892235448,2.0156380519199,1.25880351849523,NA,0.253866047294166,"eugle-J10-1","eugle",2019-08-26,"native","home",0,0,"Asteraceae","J"
"345","J","Eupatorium glehnii","eugle-J10-2",71.108452274387,168.198261846718,0.420661331062148,0.978636946489668,NA,0.216473411561056,"eugle-J10-2","eugle",2019-09-02,"native","home",0,0,"Asteraceae","J"
"346","J","Eupatorium glehnii","eugle-J10-3",53.6973569552861,109.107345813817,-0.141960969433261,1.25989502048084,NA,0.251047324227681,"eugle-J10-3","eugle",2019-09-02,"native","home",0,0,"Asteraceae","J"
"347","J","Eupatorium glehnii","eugle-J10-4",75.0848096478674,177.106068708208,-0.137184910713683,1.74624133860327,NA,0.38216011850741,"eugle-J10-4","eugle",2019-09-02,"native","home",0,0,"Asteraceae","J"
"348","J","Eupatorium glehnii","eugle-J10-5",70.387962331607,185.2491595271,-0.754732734188302,1.19835325588181,NA,0.299145675775617,"eugle-J10-5","eugle",2019-09-02,"native","home",0,0,"Asteraceae","J"
"349","J","Eupatorium lindleyanum","eulin-J17-1",93.7007011856572,133.117735553617,-1.0306185099834,1.35096385078169,NA,0.169913934174951,"eulin-J17-1","eulin",2019-07-30,"native","home",0,0,"Asteraceae","J"
"350","J","Fallopia japonica","fajap-J10-1",102.245261605763,151.063896777848,0.678896465580976,2.63729047319467,NA,0.287296575340248,"fajap-J10-1","fajap",2019-08-07,"invader","home",0,0,"Polygonaceae","J"
"351","J","Fallopia japonica","fajap-J10-10",107.850596541203,195.936846159316,-0.997233608860832,3.64680721521471,NA,0.505142906692834,"fajap-J10-10","fajap",2019-08-26,"invader","home",0,0,"Polygonaceae","J"
"352","J","Fallopia japonica","fajap-J10-11",83.3463093398576,147.860851239534,0.0097292902944505,2.38005239016421,NA,0.356729043280359,"fajap-J10-11","fajap",2019-08-26,"invader","home",0,0,"Polygonaceae","J"
"353","J","Fallopia japonica","fajap-J10-12",57.9715614678137,139.022116686305,-1.70547216708618,5.12816739256062,NA,1.1162724842197,"fajap-J10-12","fajap",2019-09-02,"invader","home",0,0,"Polygonaceae","J"
"354","J","Fallopia japonica","fajap-J10-2",120.8917077769,210.873921845047,-1.04353887723535,3.16753854452075,NA,0.411978092035026,"fajap-J10-2","fajap",2019-08-07,"invader","home",0,0,"Polygonaceae","J"
"355","J","Fallopia japonica","fajap-J10-3",70.3370812850288,156.228262958456,0.391423875583879,5.07477954599967,NA,0.694012643619304,"fajap-J10-3","fajap",2019-08-07,"invader","home",0,0,"Polygonaceae","J"
"356","J","Fallopia japonica","fajap-J10-4",104.221691097258,217.752696360922,1.74580969772148,3.86044868173028,NA,0.567684012430069,"fajap-J10-4","fajap",2019-08-07,"invader","home",0,0,"Polygonaceae","J"
"357","J","Fallopia japonica","fajap-J10-5",98.1600862466534,184.410873183918,0.360589407718058,1.54359189513403,NA,0.210118776337748,"fajap-J10-5","fajap",2019-08-07,"invader","home",0,0,"Polygonaceae","J"
"358","J","Fallopia japonica","fajap-J10-6",131.153709960926,281.628875104144,-1.78697586667356,5.43722491841897,NA,0.727762558999995,"fajap-J10-6","fajap",2019-08-07,"invader","home",0,0,"Polygonaceae","J"
"359","J","Fallopia japonica","fajap-J10-7",94.7124836129443,163.550228096712,0.27995659188651,1.67535065699299,NA,0.213879052557423,"fajap-J10-7","fajap",2019-08-07,"invader","home",0,0,"Polygonaceae","J"
"360","J","Fallopia japonica","fajap-J10-8",95.7530936095985,148.228453806973,-0.381536475110365,3.34287478395711,NA,0.425202519990021,"fajap-J10-8","fajap",2019-08-26,"invader","home",0,0,"Polygonaceae","J"
"361","J","Fallopia japonica","fajap-J10-9",59.0528960278464,134.207924325538,-1.12538950370571,3.93266862468402,NA,0.761922049238787,"fajap-J10-9","fajap",2019-08-26,"invader","home",0,0,"Polygonaceae","J"
"362","J","Fallopia japonica","fajap-J8-1",88.2608417042499,117.064731272319,-0.592585673043818,3.80086596423319,NA,0.340684155038495,"fajap-J8-1","fajap",2019-07-29,"invader","home",0,0,"Polygonaceae","J"
"363","J","Leucanthemum vulgaris","levul-J15-1",117.486733666179,183.223551444639,-0.520571231844563,2.87347259003449,NA,0.352964680459179,"levul-J15-1","levul",2021-07-20,"invader","away",0,0,"Asteraceae","F"
"364","J","Leucanthemum vulgaris","levul-J19-1",102.980332422027,159.630045914289,-1.78637414707571,6.35243844696978,NA,0.776840618163589,"levul-J19-1","levul",2021-08-02,"invader","away",0,0,"Asteraceae","F"
"365","J","Leucanthemum vulgaris","levul-J22-1",133.591086320365,179.562908504587,-0.911163194357088,2.05753347481395,NA,0.211181992305227,"levul-J22-1","levul",2021-07-19,"invader","away",0,0,"Asteraceae","F"
"366","J","Leucanthemum vulgaris","levul-J26-1",99.6693522148718,134.554792394375,-0.320144500574679,0.687164259864931,NA,0.0864483582901207,"levul-J26-1","levul",2021-08-24,"invader","away",0,0,"Asteraceae","F"
"367","J","Leucanthemum vulgaris","levul-J9-1",150.478912982588,277.377063510848,4.32708378626508,2.76133482598672,NA,0.39139551140044,"levul-J9-1","levul",2021-08-16,"invader","away",0,0,"Asteraceae","F"
"368","J","Lonicera japonica","lojap-J1-1",66.473111608239,94.7687299895014,0.672590958595325,1.31783613651687,NA,0.185209652832878,"lojap-J1-1","lojap",2020-09-09,"invader","home",1,0,"Caprifoliaceae","J"
"369","J","Lonicera japonica","lojap-J16-1",40.1758851285235,57.3404587572858,-0.0838751779520082,0.984037237711742,NA,0.148232704717001,"lojap-J16-1","lojap",2020-08-25,"invader","home",1,0,"Caprifoliaceae","J"
"370","J","Lonicera japonica","lojap-J21-1",62.3449313799655,97.0170741469278,-0.136040810917602,1.19519419505767,NA,0.177016977367874,"lojap-J21-1","lojap",2020-09-08,"invader","home",1,0,"Caprifoliaceae","J"
"371","J","Lonicera japonica","lojap-J22-1",53.7757721417779,100.43748885991,-0.142766263897264,0.548639713831462,NA,0.0982878203142754,"lojap-J22-1","lojap",2020-08-07,"invader","home",1,0,"Caprifoliaceae","J"
"372","J","Lonicera morrowii","lomor-J23-1",61.8568178270893,107.74814260833,0.666920756597228,0.432305556597201,NA,0.0653404015757522,"lomor-J23-1","lomor",2021-08-29,"invader","home",1,0,"Caprifoliaceae","J"
"373","J","Lonicera morrowii","lomor-J24-1",44.3993874655965,85.1474895246849,-0.0152505250863949,1.39982407599329,NA,0.262226412669666,"lomor-J24-1","lomor",2021-08-30,"invader","home",1,0,"Caprifoliaceae","J"
"374","J","Lonicera morrowii","lomor-J25-1",65.6353728290843,98.8492185534924,0.177072098314147,0.333270874132201,NA,0.0498114753022392,"lomor-J25-1","lomor",2021-08-29,"invader","home",1,0,"Caprifoliaceae","J"
"375","J","Plantago asiatica","plasi-J17-1",71.3474088826038,111.97886133077,-1.91947159759244,1.4330693200796,NA,0.203376389180916,"plasi-J17-1","plasi",2019-07-30,"native","home",0,0,"Plantaginaceae","J"
"376","J","Plantago asiatica","plasi-J4-1",78.3855276823378,126.088955175902,-0.317134331871289,0.579925719391793,NA,0.0924288649929054,"plasi-J4-1","plasi",2019-07-08,"native","home",0,0,"Plantaginaceae","J"
"377","J","Plantago asiatica","plasi-J6-1",83.2625933414475,153.95933557661,-0.721579080473001,1.93034574040219,NA,0.330840189017009,"plasi-J6-1","plasi",2019-07-09,"native","home",0,0,"Plantaginaceae","J"
"378","J","Plantago asiatica","plasi-J7-1",72.4081819935979,105.521382076564,0.226148595311458,1.39935558148661,NA,0.179483972253685,"plasi-J7-1","plasi",2019-07-10,"native","home",0,0,"Plantaginaceae","J"
"379","J","Plantago asiatica","plasi-J8-1",64.5770774530005,83.9384128705345,-0.47825365431684,0.88566625238013,NA,0.0902081364079635,"plasi-J8-1","plasi",2019-07-29,"native","home",0,0,"Plantaginaceae","J"
"380","J","Plantago lanceolata","pllan-J17-1",97.6624806214286,155.725918743078,-0.994526655974036,2.21417281305902,NA,0.302930816062395,"pllan-J17-1","pllan",2019-07-30,"invader","away",0,0,"Plantaginaceae","F"
"381","J","Plantago lanceolata","pllan-J4-1",69.5822282307744,126.908864664573,-0.645643374369587,1.06936597171237,NA,0.181968762797999,"pllan-J4-1","pllan",2019-07-08,"invader","away",0,0,"Plantaginaceae","F"
"382","J","Plantago lanceolata","pllan-J6-1",121.039879713576,199.499973378764,-1.72889339251964,2.17927041682787,NA,0.343418597565925,"pllan-J6-1","pllan",2019-07-09,"invader","away",0,0,"Plantaginaceae","F"
"383","J","Plantago lanceolata","pllan-J7-1",75.9208637101785,114.803196755962,-0.290866805233705,1.18779359730954,NA,0.145741873513128,"pllan-J7-1","pllan",2019-07-10,"invader","away",0,0,"Plantaginaceae","F"
"384","J","Plantago lanceolata","pllan-J8-1",133.634827255114,194.759014399664,-1.33877218474348,4.11045688110879,NA,0.438913063162625,"pllan-J8-1","pllan",2019-07-29,"invader","away",0,0,"Plantaginaceae","F"
"385","J","Rosa multiflora","romul-J1-1",28.5192948377002,40.4978602566273,0.286441073163121,0.304560786335201,NA,0.0500436311693583,"romul-J1-1","romul",2020-08-10,"invader","home",1,0,"Rosaceae","J"
"386","J","Rosa multiflora","romul-J16-1",39.4054516210821,53.1838653768232,0.496206219792731,0.738858252290686,NA,0.110919136626661,"romul-J16-1","romul",2020-08-24,"invader","home",1,0,"Rosaceae","J"
"387","J","Rosa multiflora","romul-J19-1",39.3468545482395,56.6139090763695,0.371584125193285,0.965309298504401,NA,0.150885597226671,"romul-J19-1","romul",2020-08-28,"invader","home",1,0,"Rosaceae","J"
"388","J","Rosa multiflora","romul-J22-1",32.6548886809836,49.5675864880425,0.263886831992735,0.692622472566396,NA,0.10693068513204,"romul-J22-1","romul",2020-08-21,"invader","home",1,0,"Rosaceae","J"
"389","J","Solidago gigantea","sogig-J11-1",105.465826702226,135.439866391145,-0.421690990754971,1.83908947223927,NA,0.194685008985128,"sogig-J11-1","sogig",2019-08-19,"invader","away",0,0,"Asteraceae","E"
"390","J","Solidago gigantea","sogig-J12-1",122.3636851269,209.338645927619,0.624209889170615,2.78712815502695,NA,0.360912286751994,"sogig-J12-1","sogig",2019-08-21,"invader","away",0,0,"Asteraceae","E"
"391","J","Solidago gigantea","sogig-J13-1",81.6700888435835,113.953396054129,-0.735589693373072,0.980505837256329,NA,0.121800072943549,"sogig-J13-1","sogig",2019-08-21,"invader","away",0,0,"Asteraceae","E"
"392","J","Solidago gigantea","sogig-J14-1",123.25721831867,191.191768791212,0.568043080845512,3.37741301267288,NA,0.424299500616347,"sogig-J14-1","sogig",2019-08-29,"invader","away",0,0,"Asteraceae","E"
"393","J","Solidago virgaurea","sovir-J10-1",100.109819908121,167.325086495775,-0.886881024016659,0.600317622175066,NA,0.0770212665980392,"sovir-J10-1","sovir",2019-08-26,"native","away",0,0,"Asteraceae","F"
"394","J","Solidago virgaurea","sovir-J10-2",55.9934301100598,93.4811815202194,0.272797807469784,2.66716492795664,NA,0.3931635674997,"sovir-J10-2","sovir",2019-08-26,"native","away",0,0,"Asteraceae","F"
"395","J","Solidago virgaurea","sovir-J10-3",70.5871450837892,122.750541857934,1.0498546909257,3.01906629166397,NA,0.396598550207855,"sovir-J10-3","sovir",2019-08-26,"native","away",0,0,"Asteraceae","F"
"396","J","Solidago virgaurea","sovir-J10-4",50.5917967930757,103.53048182122,0.200443409611716,3.75711424501092,NA,0.762507090001754,"sovir-J10-4","sovir",2019-08-26,"native","away",0,0,"Asteraceae","F"
"397","J","Solidago virgaurea","sovir-J18-1",55.6688914041054,116.828022572212,1.39490343144035,1.47280460408596,NA,0.280701056507189,"sovir-J18-1","sovir",2019-08-21,"native","away",0,0,"Asteraceae","F"
"398","J","Viburnum dilatatum","vidil-J1-1",29.7501181145355,41.4904444568734,-0.0394830257091421,1.32850372590057,NA,0.208792185906102,"vidil-J1-1","vidil",2020-08-10,"invader","home",1,0,"Adoxaceae","J"
"399","J","Viburnum dilatatum","vidil-J16-1",39.3010821207391,57.8396406225605,0.725739604918867,0.714217133364264,NA,0.103612008199012,"vidil-J16-1","vidil",2020-08-24,"invader","home",1,0,"Adoxaceae","J"
"400","J","Viburnum dilatatum","vidil-J19-1",27.6569394751934,41.8178160837503,0.19346830356738,0.869565367801903,NA,0.133216779392733,"vidil-J19-1","vidil",2020-09-04,"invader","home",1,0,"Adoxaceae","J"
"401","J","Viburnum dilatatum","vidil-J2-1",60.0708663490595,94.1149929657644,1.63227423647618,0.916651055511231,NA,0.144730425157788,"vidil-J2-1","vidil",2020-08-11,"invader","home",1,0,"Adoxaceae","J"
"402","J","Viburnum dilatatum","vidil-J3-1",41.2386849015073,59.8349459881416,0.0244396556386251,0.594674383671016,NA,0.0923222047757109,"vidil-J3-1","vidil",2020-09-07,"invader","home",1,0,"Adoxaceae","J"
"403","J","Youngia japonica","yojap-J13-1",94.1525990489341,135.587675464775,-0.695218579700071,1.08223308922258,NA,0.131811744398471,"yojap-J13-1","yojap",2019-08-21,"native","home",0,0,"Asteraceae","J"
"404","J","Youngia japonica","yojap-J4-1",36.3350620028775,73.9561464533793,0.61079220629864,0.824230778114709,NA,0.163097899995554,"yojap-J4-1","yojap",2019-08-22,"native","home",0,0,"Asteraceae","J"
"405","J","Youngia japonica","yojap-J4-2",56.6409457008226,83.1870274005766,0.560041356073245,2.00661863317442,NA,0.251374744794438,"yojap-J4-2","yojap",2019-08-22,"native","home",0,0,"Asteraceae","J"
"406","J","Youngia japonica","yojap-J8-1",99.2871281826712,121.45803935052,-0.853441563656181,4.21682700247259,NA,0.444527320104674,"yojap-J8-1","yojap",2019-08-01,"native","home",0,0,"Asteraceae","J"
